 ;Iris-setosa;Iris-setosa1;Iris-setosa2;Iris-setosa3;Iris-setosa4;Iris-setosa5;Iris-setosa6;Iris-setosa7;Iris-setosa8;Iris-setosa9;Iris-setosa10;Iris-setosa11;Iris-setosa12;Iris-setosa13;Iris-setosa14;Iris-setosa15;Iris-setosa16;Iris-setosa17;Iris-setosa18;Iris-setosa19;Iris-setosa20;Iris-setosa21;Iris-setosa22;Iris-setosa23;Iris-setosa24;Iris-setosa25;Iris-setosa26;Iris-setosa27;Iris-setosa28;Iris-setosa29;Iris-setosa30;Iris-setosa31;Iris-setosa32;Iris-setosa33;Iris-setosa34;Iris-setosa35;Iris-setosa36;Iris-setosa37;Iris-setosa38;Iris-setosa39;Iris-setosa40;Iris-setosa41;Iris-setosa42;Iris-setosa43;Iris-setosa44;Iris-setosa45;Iris-setosa46;Iris-setosa47;Iris-setosa48;Iris-setosa49;Iris-versicolor;Iris-versicolor51;Iris-versicolor52;Iris-versicolor53;Iris-versicolor54;Iris-versicolor55;Iris-versicolor56;Iris-versicolor57;Iris-versicolor58;Iris-versicolor59;Iris-versicolor60;Iris-versicolor61;Iris-versicolor62;Iris-versicolor63;Iris-versicolor64;Iris-versicolor65;Iris-versicolor66;Iris-versicolor67;Iris-versicolor68;Iris-versicolor69;Iris-versicolor70;Iris-versicolor71;Iris-versicolor72;Iris-versicolor73;Iris-versicolor74;Iris-versicolor75;Iris-versicolor76;Iris-versicolor77;Iris-versicolor78;Iris-versicolor79;Iris-versicolor80;Iris-versicolor81;Iris-versicolor82;Iris-versicolor83;Iris-versicolor84;Iris-versicolor85;Iris-versicolor86;Iris-versicolor87;Iris-versicolor88;Iris-versicolor89;Iris-versicolor90;Iris-versicolor91;Iris-versicolor92;Iris-versicolor93;Iris-versicolor94;Iris-versicolor95;Iris-versicolor96;Iris-versicolor97;Iris-versicolor98;Iris-versicolor99;Iris-virginica;Iris-virginica101;Iris-virginica102;Iris-virginica103;Iris-virginica104;Iris-virginica105;Iris-virginica106;Iris-virginica107;Iris-virginica108;Iris-virginica109;Iris-virginica110;Iris-virginica111;Iris-virginica112;Iris-virginica113;Iris-virginica114;Iris-virginica115;Iris-virginica116;Iris-virginica117;Iris-virginica118;Iris-virginica119;Iris-virginica120;Iris-virginica121;Iris-virginica122;Iris-virginica123;Iris-virginica124;Iris-virginica125;Iris-virginica126;Iris-virginica127;Iris-virginica128;Iris-virginica129;Iris-virginica130;Iris-virginica131;Iris-virginica132;Iris-virginica133;Iris-virginica134;Iris-virginica135;Iris-virginica136;Iris-virginica137;Iris-virginica138;Iris-virginica139;Iris-virginica140;Iris-virginica141;Iris-virginica142;Iris-virginica143;Iris-virginica144;Iris-virginica145;Iris-virginica146;Iris-virginica147;Iris-virginica148;Iris-virginica149
Iris-setosa;0;32;4;5;1;9;2;2;6;6;3;3;33;36;33;12;7;1;7;5;4;5;14;8;6;34;5;1;1;5;6;4;8;7;6;5;1;6;33;2;2;14;4;6;10;33;5;3;3;2;48;47;52;33;52;49;49;31;49;45;55;73;24;51;39;46;76;36;57;44;53;28;58;50;46;74;53;56;50;31;44;35;43;59;76;46;50;53;70;31;49;76;29;32;47;70;45;46;30;45;33;62;96;64;96;103;56;71;70;71;40;64;92;19;66;63;89;76;85;35;67;42;60;59;64;27;57;83;68;90;71;53;69;57;63;100;65;61;82;63;68;62;62;69;68;91;36;70;62;85
Iris-setosa;32;0;30;29;33;41;32;32;26;30;35;33;1;4;3;44;39;33;39;37;34;37;46;36;36;2;35;33;31;31;30;34;40;39;30;31;33;30;1;32;34;22;30;38;42;1;37;29;35;30;74;73;76;41;70;67;77;41;69;61;23;41;30;71;59;70;44;52;63;56;79;46;70;68;66;42;71;24;70;45;54;45;59;75;44;76;74;61;38;43;63;44;43;40;63;38;65;66;42;63;61;78;64;84;64;71;68;91;82;103;66;80;60;31;84;89;57;108;99;41;93;60;78;75;92;53;75;51;86;58;89;85;87;75;77;68;95;85;50;87;92;86;78;95;96;59;48;38;92;53
Iris-setosa;4;30;0;3;5;13;4;4;4;4;7;5;31;32;29;16;9;5;11;9;6;9;16;8;8;32;7;5;3;3;4;6;12;11;4;1;3;4;29;4;4;10;0;10;14;31;9;1;7;2;46;45;50;29;50;47;49;29;47;43;53;71;20;49;37;44;74;34;55;42;51;24;56;48;44;72;51;52;48;29;42;33;41;57;74;48;48;51;68;27;47;74;25;30;45;68;43;44;26;43;31;60;94;62;94;101;54;69;68;75;38;62;90;15;64;61;87;80;83;31;65;40;58;57;64;23;55;81;66;88;69;57;67;55;61;98;67;59;80;61;66;60;60;67;68;89;32;68;64;83
Iris-setosa;5;29;3;0;6;12;5;3;3;1;6;4;30;33;30;15;12;6;10;8;5;8;19;7;7;29;6;4;4;2;1;5;11;12;1;4;6;1;30;3;7;11;3;9;13;30;8;2;6;3;45;44;47;30;47;44;48;26;44;40;50;68;21;46;34;41;71;31;52;39;50;25;53;45;41;69;48;53;45;26;39;30;38;54;71;47;45;48;65;28;44;71;26;27;42;65;40;41;27;40;34;57;91;59;91;98;51;66;65;74;37;59;87;16;61;60;84;79;80;32;64;37;55;54;63;26;52;78;63;85;66;56;64;52;58;95;66;56;77;58;63;57;57;66;67;86;33;65;63;80
Iris-setosa;1;33;5;6;0;8;3;3;7;7;2;4;34;37;34;11;6;2;6;4;5;4;13;9;7;35;6;2;2;6;7;5;7;6;7;6;2;7;34;3;3;15;5;7;9;34;4;4;2;3;49;48;53;34;53;50;50;32;50;46;56;74;25;52;40;47;77;37;58;45;54;29;59;51;47;75;54;57;51;32;45;36;44;60;77;47;51;54;71;32;50;77;30;33;48;71;46;47;31;46;34;63;97;65;97;104;57;72;71;70;41;65;93;20;67;64;90;75;86;36;68;43;61;60;65;28;58;84;69;91;72;52;70;58;64;101;66;62;83;64;69;63;63;70;69;92;37;71;63;86
Iris-setosa;9;41;13;12;8;0;9;9;15;13;6;8;42;45;42;7;4;8;2;4;7;4;21;7;9;39;6;8;10;10;11;7;7;8;13;14;10;13;42;9;9;21;13;7;3;40;4;12;6;11;47;46;51;38;51;48;48;34;48;44;58;72;33;50;38;45;75;39;56;43;52;33;57;49;45;73;52;61;49;34;43;38;42;58;75;45;49;52;69;36;48;75;34;35;46;69;44;45;35;44;38;61;95;63;95;102;55;70;69;68;43;63;91;28;65;62;88;69;84;40;66;45;63;58;63;32;56;82;67;89;70;50;68;56;62;99;64;60;81;62;67;61;61;68;67;90;41;73;61;84
Iris-setosa;2;32;4;5;3;9;0;2;6;6;5;3;33;36;33;12;7;1;7;5;4;5;16;6;6;34;3;3;1;5;6;2;10;9;6;5;3;6;33;2;2;12;4;6;10;31;7;3;5;2;46;45;50;31;50;47;47;31;47;43;55;71;24;49;37;44;74;36;55;42;51;26;56;48;44;72;51;54;48;31;42;35;41;57;74;44;48;51;68;29;47;74;27;32;45;68;43;44;28;43;31;60;94;62;94;101;54;69;68;71;40;62;90;19;64;61;87;76;83;33;65;42;60;57;62;25;55;81;66;88;69;55;67;55;61;98;63;59;80;61;66;60;60;67;66;89;34;70;60;83
Iris-setosa;2;32;4;3;3;9;2;0;6;4;3;1;33;36;33;12;9;3;7;5;2;5;16;6;4;32;3;1;1;3;4;2;8;9;4;5;3;4;33;0;4;14;4;6;10;33;5;3;3;2;46;45;50;33;50;47;47;29;47;43;53;71;24;49;37;44;74;34;55;42;51;28;56;48;44;72;51;56;48;29;42;33;41;57;74;44;48;51;68;31;47;74;29;30;45;68;43;44;30;43;33;60;94;62;94;101;54;69;68;71;38;62;90;19;64;61;87;76;83;35;65;40;58;57;62;27;55;81;66;88;69;53;67;55;61;98;63;59;80;61;66;60;60;67;66;89;36;68;60;83
Iris-setosa;6;26;4;3;7;15;6;6;0;4;9;7;27;30;27;18;13;7;13;11;8;11;20;10;10;28;9;7;5;5;4;8;14;13;4;5;7;4;27;6;8;8;4;12;16;27;11;3;9;4;48;47;50;27;46;43;51;25;43;39;49;67;18;45;33;44;70;30;51;38;53;22;52;44;40;68;47;50;44;25;38;29;37;53;70;50;48;47;64;25;43;70;23;26;41;64;39;40;24;39;35;56;90;58;90;97;50;65;64;77;40;58;86;13;60;63;83;82;79;29;67;36;54;53;66;27;51;77;62;84;65;59;63;51;57;94;69;59;76;61;66;60;56;69;70;85;30;64;66;79
Iris-setosa;6;30;4;1;7;13;6;4;4;0;7;5;29;32;31;16;13;7;11;9;6;9;20;8;8;30;7;5;5;3;2;6;10;13;0;5;7;0;31;4;8;12;4;10;14;31;9;3;7;4;46;45;48;31;48;45;49;25;45;41;49;69;20;47;35;42;72;30;53;40;51;26;54;46;42;70;49;54;46;25;40;29;39;55;72;48;46;49;66;29;45;72;27;26;43;66;41;42;28;41;35;58;92;60;92;99;52;67;66;75;38;60;88;17;62;61;85;80;81;33;65;38;56;55;64;27;53;79;64;86;67;57;65;53;59;96;67;57;78;59;64;58;58;67;68;87;34;66;64;81
Iris-setosa;3;35;7;6;2;6;5;3;9;7;0;4;36;39;36;9;6;4;4;2;5;2;15;9;7;35;6;2;4;6;7;5;5;6;7;8;4;7;36;3;5;17;7;7;7;36;2;6;0;5;49;48;53;36;53;50;50;32;50;46;56;74;27;52;40;47;77;37;58;45;54;31;59;51;47;75;54;59;51;32;45;36;44;60;77;47;51;54;71;34;50;77;32;33;48;71;46;47;33;46;36;63;97;65;97;104;57;72;71;70;41;65;93;22;67;64;90;73;86;38;68;43;61;60;65;30;58;84;69;91;72;50;70;58;64;101;66;62;83;64;69;63;63;70;69;92;39;71;63;86
Iris-setosa;3;33;5;4;4;8;3;1;7;5;4;0;34;37;34;13;10;4;6;6;1;6;17;5;3;31;2;2;2;2;3;3;9;10;5;6;4;5;34;1;5;15;5;5;9;34;4;4;4;3;45;44;49;34;49;46;46;28;46;42;52;70;25;48;36;43;73;33;54;41;50;29;55;47;43;71;50;57;47;28;41;32;40;56;73;43;47;50;67;32;46;73;30;29;44;67;42;43;31;42;34;59;93;61;93;100;53;68;67;70;37;61;89;20;63;60;86;75;82;36;64;39;57;56;61;28;54;80;65;87;68;52;66;54;60;97;62;58;79;60;65;59;59;66;65;88;37;67;59;82
Iris-setosa;33;1;31;30;34;42;33;33;27;29;36;34;0;3;4;45;40;34;40;38;35;38;47;37;37;3;36;34;32;32;31;35;39;40;29;32;34;29;2;33;35;23;31;39;43;2;38;30;36;31;75;74;77;42;71;68;78;40;70;62;22;42;29;72;60;71;45;51;64;57;80;47;71;69;67;43;72;25;71;44;55;44;60;76;45;77;75;62;39;44;64;45;44;39;64;39;66;67;43;64;62;79;65;85;65;72;69;92;83;104;67;81;61;32;85;90;58;109;100;42;94;61;79;76;93;54;76;52;87;59;90;86;88;76;78;69;96;86;51;88;93;87;79;96;97;60;49;39;93;54
Iris-setosa;36;4;32;33;37;45;36;36;30;32;39;37;3;0;3;48;41;37;43;41;38;41;44;40;40;6;39;37;35;35;34;38;42;43;32;31;35;32;3;36;36;24;32;42;46;5;41;33;39;34;78;77;80;39;74;71;81;43;73;65;25;45;26;75;63;74;48;54;67;60;83;44;74;72;70;46;75;22;74;47;58;47;63;79;48;80;78;65;42;41;67;48;41;42;67;42;69;70;40;67;59;82;68;88;68;75;72;95;86;107;70;84;64;29;88;93;61;112;103;39;97;64;82;79;96;51;79;55;90;62;93;89;91;79;81;72;99;89;54;91;96;90;82;99;100;63;46;42;96;57
Iris-setosa;33;3;29;30;34;42;33;33;27;31;36;34;4;3;0;45;38;34;40;38;35;38;43;37;37;5;36;34;32;32;31;35;41;40;31;28;32;31;2;33;33;21;29;39;43;4;38;30;36;31;75;74;77;38;71;68;78;42;70;62;26;44;27;72;60;71;47;53;64;57;80;43;71;69;67;45;72;23;71;46;55;46;60;76;47;77;75;62;41;40;64;47;40;41;64;41;66;67;39;64;58;79;67;85;67;74;69;92;83;104;67;81;63;28;85;90;60;109;100;38;94;61;79;76;93;50;76;54;87;61;90;86;88;76;78;71;96;86;53;88;93;87;79;96;97;62;45;41;93;56
Iris-setosa;12;44;16;15;11;7;12;12;18;16;9;13;45;48;45;0;7;11;9;7;14;7;24;14;16;44;11;11;13;15;16;10;6;5;16;17;13;16;45;12;12;24;16;12;10;43;9;15;9;14;54;53;58;41;58;55;55;41;55;51;65;79;36;57;45;52;82;46;63;50;59;36;64;56;52;80;59;64;56;41;50;45;49;65;82;52;56;59;76;39;55;82;37;42;53;76;51;52;38;51;41;68;102;70;102;109;62;77;76;75;50;70;98;31;72;69;95;76;91;43;73;52;70;65;70;35;63;89;74;96;77;57;75;63;69;106;71;67;88;69;74;68;68;75;74;97;44;80;68;91
Iris-setosa;7;39;9;12;6;4;7;9;13;13;6;10;40;41;38;7;0;6;6;4;11;4;17;11;13;41;8;8;8;12;13;7;7;6;13;10;6;13;38;9;5;17;9;9;7;38;6;10;6;9;51;50;55;34;55;52;52;38;52;48;62;76;29;54;42;49;79;43;60;47;56;29;61;53;49;77;56;57;53;38;47;42;46;62;79;49;53;56;73;32;52;79;30;39;50;73;48;49;31;48;34;65;99;67;99;106;59;74;73;72;47;67;95;24;69;66;92;73;88;36;70;49;67;62;67;28;60;86;71;93;74;54;72;60;66;103;68;64;85;66;71;65;65;72;71;94;37;77;65;88
Iris-setosa;1;33;5;6;2;8;1;3;7;7;4;4;34;37;34;11;6;0;6;4;5;4;15;7;7;35;4;2;2;6;7;3;9;8;7;6;2;7;34;3;1;13;5;5;9;32;6;4;4;3;47;46;51;32;51;48;48;32;48;44;56;72;25;50;38;45;75;37;56;43;52;27;57;49;45;73;52;55;49;32;43;36;42;58;75;45;49;52;69;30;48;75;28;33;46;69;44;45;29;44;32;61;95;63;95;102;55;70;69;70;41;63;91;20;65;62;88;75;84;34;66;43;61;58;63;26;56;82;67;89;70;54;68;56;62;99;64;60;81;62;67;61;61;68;67;90;35;71;61;84
Iris-setosa;7;39;11;10;6;2;7;7;13;11;4;6;40;43;40;9;6;6;0;2;5;4;19;7;7;37;6;6;8;8;9;7;7;8;11;12;8;11;40;7;7;19;11;7;3;38;2;10;4;9;47;46;51;38;51;48;48;32;48;44;56;72;31;50;38;45;75;37;56;43;52;33;57;49;45;73;52;61;49;32;43;36;42;58;75;45;49;52;69;36;48;75;34;33;46;69;44;45;35;44;38;61;95;63;95;102;55;70;69;68;41;63;91;26;65;62;88;69;84;40;66;43;61;58;63;32;56;82;67;89;70;48;68;56;62;99;64;60;81;62;67;61;61;68;67;90;41;71;61;84
Iris-setosa;5;37;9;8;4;4;5;5;11;9;2;6;38;41;38;7;4;4;2;0;7;2;17;9;9;37;6;4;6;8;9;5;5;6;9;10;6;9;38;5;5;17;9;7;5;36;2;8;2;7;49;48;53;36;53;50;50;34;50;46;58;74;29;52;40;47;77;39;58;45;54;31;59;51;47;75;54;59;51;34;45;38;44;60;77;47;51;54;71;34;50;77;32;35;48;71;46;47;33;46;36;63;97;65;97;104;57;72;71;70;43;65;93;24;67;64;90;71;86;38;68;45;63;60;65;30;58;84;69;91;72;50;70;58;64;101;66;62;83;64;69;63;63;70;69;92;39;73;63;86
Iris-setosa;4;34;6;5;5;7;4;2;8;6;5;1;35;38;35;14;11;5;5;7;0;7;18;4;2;32;3;3;3;3;4;4;10;11;6;7;5;6;35;2;6;16;6;6;8;35;5;5;5;4;44;43;48;35;48;45;45;27;45;41;51;69;26;47;35;42;72;32;53;40;49;30;54;46;42;70;49;58;46;27;40;31;39;55;72;42;46;49;66;33;45;72;31;28;43;66;41;42;32;41;35;58;92;60;92;99;52;67;66;69;36;60;88;21;62;59;85;74;81;37;63;38;56;55;60;29;53;79;64;86;67;51;65;53;59;96;61;57;78;59;64;58;58;65;64;87;38;66;58;81
Iris-setosa;5;37;9;8;4;4;5;5;11;9;2;6;38;41;38;7;4;4;4;2;7;0;17;7;9;37;4;4;6;8;9;3;7;8;9;10;6;9;38;5;5;17;9;5;5;36;4;8;2;7;47;46;51;34;51;48;48;34;48;44;58;72;29;50;38;45;75;39;56;43;52;29;57;49;45;73;52;57;49;34;43;38;42;58;75;45;49;52;69;32;48;75;30;35;46;69;44;45;31;44;34;61;95;63;95;102;55;70;69;68;43;63;91;24;65;62;88;71;84;36;66;45;63;58;63;28;56;82;67;89;70;52;68;56;62;99;64;60;81;62;67;61;61;68;67;90;37;73;61;84
Iris-setosa;14;46;16;19;13;21;16;16;20;20;15;17;47;44;43;24;17;15;19;17;18;17;0;22;20;48;19;15;15;19;20;18;20;19;20;15;13;20;45;16;14;26;16;20;22;47;17;17;15;16;62;61;66;27;66;63;63;45;63;59;69;87;18;65;53;60;90;50;71;58;67;22;72;64;60;88;67;52;64;45;58;49;57;73;90;60;64;67;84;25;63;90;23;46;61;84;59;60;22;59;31;76;110;78;110;117;70;85;84;83;54;78;106;15;80;77;103;88;99;31;81;56;74;73;78;25;71;97;82;104;85;65;83;71;77;114;79;75;96;77;82;76;76;83;82;105;32;84;76;99
Iris-setosa;8;36;8;7;9;7;6;6;10;8;9;5;37;40;37;14;11;7;7;9;4;7;22;0;6;34;3;7;7;5;6;4;14;15;8;9;9;8;37;6;8;16;8;4;8;35;9;7;9;6;40;39;44;31;44;41;41;29;41;37;53;65;28;43;31;38;68;34;49;36;45;26;50;42;38;66;45;54;42;29;36;33;35;51;68;40;42;45;62;29;41;68;27;30;39;62;37;38;28;37;31;54;88;56;88;95;48;63;62;67;38;56;84;23;58;55;81;72;77;33;59;40;58;51;56;25;49;75;60;82;63;55;61;49;55;92;59;53;74;55;60;54;54;61;60;83;34;68;56;77
Iris-setosa;6;36;8;7;7;9;6;4;10;8;7;3;37;40;37;16;13;7;7;9;2;9;20;6;0;34;5;5;5;5;6;6;12;13;8;9;7;8;37;4;8;18;8;8;6;37;7;7;7;6;42;41;46;37;46;43;43;25;43;39;49;67;28;45;33;40;70;30;51;38;47;32;52;44;40;68;47;60;44;25;38;29;37;53;70;40;44;47;64;35;43;70;33;26;41;64;39;40;34;39;37;56;90;58;90;97;50;65;64;67;34;58;86;23;60;57;83;72;79;39;61;36;54;53;58;31;51;77;62;84;65;49;63;51;57;94;59;55;76;57;62;56;56;63;62;85;40;64;56;79
Iris-setosa;34;2;32;29;35;39;34;32;28;30;35;31;3;6;5;44;41;35;37;37;32;37;48;34;34;0;33;33;33;29;28;34;40;41;30;33;35;30;3;32;36;24;32;36;40;3;35;31;35;32;72;71;74;43;68;65;75;39;67;59;21;39;32;69;57;68;42;50;61;54;77;48;68;66;64;40;69;26;68;43;52;43;57;73;42;74;72;59;36;45;61;42;45;38;61;36;63;64;44;61;63;76;62;82;62;69;66;89;80;101;64;78;58;33;82;87;55;106;97;43;91;58;76;73;90;55;73;49;84;56;87;83;85;73;75;66;93;83;48;85;90;84;76;93;94;57;50;36;90;51
Iris-setosa;5;35;7;6;6;6;3;3;9;7;6;2;36;39;36;11;8;4;6;6;3;4;19;3;5;33;0;4;4;4;5;1;11;12;7;8;6;7;36;3;5;15;7;3;7;34;6;6;6;5;43;42;47;32;47;44;44;30;44;40;54;68;27;46;34;41;71;35;52;39;48;27;53;45;41;69;48;55;45;30;39;34;38;54;71;41;45;48;65;30;44;71;28;31;42;65;40;41;29;40;32;57;91;59;91;98;51;66;65;68;39;59;87;22;61;58;84;73;80;34;62;41;59;54;59;26;52;78;63;85;66;54;64;52;58;95;60;56;77;58;63;57;57;64;63;86;35;69;57;80
Iris-setosa;1;33;5;4;2;8;3;1;7;5;2;2;34;37;34;11;8;2;6;4;3;4;15;7;5;33;4;0;2;4;5;3;7;8;5;6;2;5;34;1;3;15;5;5;9;34;4;4;2;3;47;46;51;34;51;48;48;30;48;44;54;72;25;50;38;45;75;35;56;43;52;29;57;49;45;73;52;57;49;30;43;34;42;58;75;45;49;52;69;32;48;75;30;31;46;69;44;45;31;44;34;61;95;63;95;102;55;70;69;70;39;63;91;20;65;62;88;75;84;36;66;41;59;58;63;28;56;82;67;89;70;52;68;56;62;99;64;60;81;62;67;61;61;68;67;90;37;69;61;84
Iris-setosa;1;31;3;4;2;10;1;1;5;5;4;2;32;35;32;13;8;2;8;6;3;6;15;7;5;33;4;2;0;4;5;3;9;8;5;4;2;5;32;1;3;13;3;7;11;32;6;2;4;1;47;46;51;32;51;48;48;30;48;44;54;72;23;50;38;45;75;35;56;43;52;27;57;49;45;73;52;55;49;30;43;34;42;58;75;45;49;52;69;30;48;75;28;31;46;69;44;45;29;44;32;61;95;63;95;102;55;70;69;72;39;63;91;18;65;62;88;77;84;34;66;41;59;58;63;26;56;82;67;89;70;54;68;56;62;99;64;60;81;62;67;61;61;68;67;90;35;69;61;84
Iris-setosa;5;31;3;2;6;10;5;3;5;3;6;2;32;35;32;15;12;6;8;8;3;8;19;5;5;29;4;4;4;0;1;5;11;12;3;4;6;3;32;3;7;13;3;7;11;32;6;2;6;3;43;42;47;32;47;44;46;26;44;40;50;68;23;46;34;41;71;31;52;39;48;27;53;45;41;69;48;55;45;26;39;30;38;54;71;45;45;48;65;30;44;71;28;27;42;65;40;41;29;40;34;57;91;59;91;98;51;66;65;72;35;59;87;18;61;58;84;77;80;34;62;37;55;54;61;26;52;78;63;85;66;54;64;52;58;95;64;56;77;58;63;57;57;64;65;86;35;65;61;80
Iris-setosa;6;30;4;1;7;11;6;4;4;2;7;3;31;34;31;16;13;7;9;9;4;9;20;6;6;28;5;5;5;1;0;6;12;13;2;5;7;2;31;4;8;12;4;8;12;31;7;3;7;4;44;43;46;31;46;43;47;25;43;39;49;67;22;45;33;40;70;30;51;38;49;26;52;44;40;68;47;54;44;25;38;29;37;53;70;46;44;47;64;29;43;70;27;26;41;64;39;40;28;39;35;56;90;58;90;97;50;65;64;73;36;58;86;17;60;59;83;78;79;33;63;36;54;53;62;27;51;77;62;84;65;55;63;51;57;94;65;55;76;57;62;56;56;65;66;85;34;64;62;79
Iris-setosa;4;34;6;5;5;7;2;2;8;6;5;3;35;38;35;10;7;3;7;5;4;3;18;4;6;34;1;3;3;5;6;0;10;11;6;7;5;6;35;2;4;14;6;4;8;33;7;5;5;4;44;43;48;31;48;45;45;31;45;41;55;69;26;47;35;42;72;36;53;40;49;26;54;46;42;70;49;54;46;31;40;35;39;55;72;42;46;49;66;29;45;72;27;32;43;66;41;42;28;41;31;58;92;60;92;99;52;67;66;69;40;60;88;21;62;59;85;74;81;33;63;42;60;55;60;25;53;79;64;86;67;55;65;53;59;96;61;57;78;59;64;58;58;65;64;87;34;70;58;81
Iris-setosa;8;40;12;11;7;7;10;8;14;10;5;9;39;42;41;6;7;9;7;5;10;7;20;14;12;40;11;7;9;11;12;10;0;3;10;13;9;10;41;8;10;22;12;12;10;41;5;11;5;10;54;53;58;41;58;55;55;35;55;51;59;79;30;57;45;52;82;40;63;50;59;36;64;56;52;80;59;64;56;35;50;39;49;65;82;52;56;59;76;39;55;82;37;36;53;76;51;52;38;51;41;68;102;70;102;109;62;77;76;75;46;70;98;27;72;69;95;76;91;43;73;48;66;65;70;35;63;89;74;96;77;53;75;63;69;106;71;67;88;69;74;68;68;75;74;97;44;76;68;91
Iris-setosa;7;39;11;12;6;8;9;9;13;13;6;10;40;43;40;5;6;8;8;6;11;8;19;15;13;41;12;8;8;12;13;11;3;0;13;12;8;13;40;9;9;21;11;13;11;40;6;10;6;9;55;54;59;40;59;56;56;38;56;52;62;80;31;58;46;53;83;43;64;51;60;35;65;57;53;81;60;63;57;38;51;42;50;66;83;53;57;60;77;38;56;83;36;39;54;77;52;53;37;52;40;69;103;71;103;110;63;78;77;76;47;71;99;26;73;70;96;77;92;42;74;49;67;66;71;34;64;90;75;97;78;54;76;64;70;107;72;68;89;70;75;69;69;76;75;98;43;77;69;92
Iris-setosa;6;30;4;1;7;13;6;4;4;0;7;5;29;32;31;16;13;7;11;9;6;9;20;8;8;30;7;5;5;3;2;6;10;13;0;5;7;0;31;4;8;12;4;10;14;31;9;3;7;4;46;45;48;31;48;45;49;25;45;41;49;69;20;47;35;42;72;30;53;40;51;26;54;46;42;70;49;54;46;25;40;29;39;55;72;48;46;49;66;29;45;72;27;26;43;66;41;42;28;41;35;58;92;60;92;99;52;67;66;75;38;60;88;17;62;61;85;80;81;33;65;38;56;55;64;27;53;79;64;86;67;57;65;53;59;96;67;57;78;59;64;58;58;67;68;87;34;66;64;81
Iris-setosa;5;31;1;4;6;14;5;5;5;5;8;6;32;31;28;17;10;6;12;10;7;10;15;9;9;33;8;6;4;4;5;7;13;12;5;0;4;5;30;5;5;11;1;11;15;32;10;2;8;3;47;46;51;28;51;48;50;30;48;44;54;72;19;50;38;45;75;35;56;43;52;23;57;49;45;73;52;51;49;30;43;34;42;58;75;49;49;52;69;26;48;75;24;31;46;69;44;45;25;44;30;61;95;63;95;102;55;70;69;76;39;63;91;14;65;62;88;81;84;30;66;41;59;58;65;22;56;82;67;89;70;58;68;56;62;99;68;60;81;62;67;61;61;68;69;90;31;69;65;84
Iris-setosa;1;33;3;6;2;10;3;3;7;7;4;4;34;35;32;13;6;2;8;6;5;6;13;9;7;35;6;2;2;6;7;5;9;8;7;4;0;7;32;3;1;13;3;7;11;34;6;4;4;3;49;48;53;32;53;50;50;32;50;46;56;74;23;52;40;47;77;37;58;45;54;27;59;51;47;75;54;55;51;32;45;36;44;60;77;47;51;54;71;30;50;77;28;33;48;71;46;47;29;46;32;63;97;65;97;104;57;72;71;72;41;65;93;18;67;64;90;77;86;34;68;43;61;60;65;26;58;84;69;91;72;54;70;58;64;101;66;62;83;64;69;63;63;70;69;92;35;71;63;86
Iris-setosa;6;30;4;1;7;13;6;4;4;0;7;5;29;32;31;16;13;7;11;9;6;9;20;8;8;30;7;5;5;3;2;6;10;13;0;5;7;0;31;4;8;12;4;10;14;31;9;3;7;4;46;45;48;31;48;45;49;25;45;41;49;69;20;47;35;42;72;30;53;40;51;26;54;46;42;70;49;54;46;25;40;29;39;55;72;48;46;49;66;29;45;72;27;26;43;66;41;42;28;41;35;58;92;60;92;99;52;67;66;75;38;60;88;17;62;61;85;80;81;33;65;38;56;55;64;27;53;79;64;86;67;57;65;53;59;96;67;57;78;59;64;58;58;67;68;87;34;66;64;81
Iris-setosa;33;1;29;30;34;42;33;33;27;31;36;34;2;3;2;45;38;34;40;38;35;38;45;37;37;3;36;34;32;32;31;35;41;40;31;30;32;31;0;33;33;21;29;39;43;2;38;30;36;31;75;74;77;40;71;68;78;42;70;62;24;42;29;72;60;71;45;53;64;57;80;45;71;69;67;43;72;23;71;46;55;46;60;76;45;77;75;62;39;42;64;45;42;41;64;39;66;67;41;64;60;79;65;85;65;72;69;92;83;104;67;81;61;30;85;90;58;109;100;40;94;61;79;76;93;52;76;52;87;59;90;86;88;76;78;69;96;86;51;88;93;87;79;96;97;60;47;39;93;54
Iris-setosa;2;32;4;3;3;9;2;0;6;4;3;1;33;36;33;12;9;3;7;5;2;5;16;6;4;32;3;1;1;3;4;2;8;9;4;5;3;4;33;0;4;14;4;6;10;33;5;3;3;2;46;45;50;33;50;47;47;29;47;43;53;71;24;49;37;44;74;34;55;42;51;28;56;48;44;72;51;56;48;29;42;33;41;57;74;44;48;51;68;31;47;74;29;30;45;68;43;44;30;43;33;60;94;62;94;101;54;69;68;71;38;62;90;19;64;61;87;76;83;35;65;40;58;57;62;27;55;81;66;88;69;53;67;55;61;98;63;59;80;61;66;60;60;67;66;89;36;68;60;83
Iris-setosa;2;34;4;7;3;9;2;4;8;8;5;5;35;36;33;12;5;1;7;5;6;5;14;8;8;36;5;3;3;7;8;4;10;9;8;5;1;8;33;4;0;12;4;6;10;33;7;5;5;4;48;47;52;31;52;49;49;33;49;45;57;73;24;51;39;46;76;38;57;44;53;26;58;50;46;74;53;54;50;33;44;37;43;59;76;46;50;53;70;29;49;76;27;34;47;70;45;46;28;45;31;62;96;64;96;103;56;71;70;71;42;64;92;19;66;63;89;76;85;33;67;44;62;59;64;25;57;83;68;90;71;55;69;57;63;100;65;61;82;63;68;62;62;69;68;91;34;72;62;85
Iris-setosa;14;22;10;11;15;21;12;14;8;12;17;15;23;24;21;24;17;13;19;17;16;17;26;16;18;24;15;15;13;13;12;14;22;21;12;11;13;12;21;14;12;0;10;18;22;21;19;11;17;12;54;53;56;19;50;47;57;23;49;41;45;61;12;51;39;50;64;34;45;36;59;24;50;48;46;62;51;42;50;27;34;27;39;55;64;56;54;41;58;21;43;64;21;22;43;58;45;46;20;43;39;58;84;64;84;91;48;71;62;83;48;60;80;11;64;69;77;88;79;21;73;42;60;55;72;31;55;71;66;78;69;67;67;55;57;88;75;65;70;67;72;66;58;75;76;79;26;60;72;73
Iris-setosa;4;30;0;3;5;13;4;4;4;4;7;5;31;32;29;16;9;5;11;9;6;9;16;8;8;32;7;5;3;3;4;6;12;11;4;1;3;4;29;4;4;10;0;10;14;31;9;1;7;2;46;45;50;29;50;47;49;29;47;43;53;71;20;49;37;44;74;34;55;42;51;24;56;48;44;72;51;52;48;29;42;33;41;57;74;48;48;51;68;27;47;74;25;30;45;68;43;44;26;43;31;60;94;62;94;101;54;69;68;75;38;62;90;15;64;61;87;80;83;31;65;40;58;57;64;23;55;81;66;88;69;57;67;55;61;98;67;59;80;61;66;60;60;67;68;89;32;68;64;83
Iris-setosa;6;38;10;9;7;7;6;6;12;10;7;5;39;42;39;12;9;5;7;7;6;5;20;4;8;36;3;5;7;7;8;4;12;13;10;11;7;10;39;6;6;18;10;0;8;37;7;9;7;8;42;41;46;31;46;43;43;33;43;39;57;67;30;45;33;40;70;38;51;38;47;26;52;44;40;68;47;54;44;33;38;37;37;53;70;40;44;47;64;29;43;70;27;34;41;64;39;40;28;39;31;56;90;58;90;97;50;65;64;65;42;58;86;25;60;57;83;70;79;33;61;44;62;53;58;25;51;77;62;84;65;55;63;51;57;94;59;55;76;57;62;56;56;63;62;85;34;72;56;79
Iris-setosa;10;42;14;13;9;3;10;10;16;14;7;9;43;46;43;10;7;9;3;5;8;5;22;8;6;40;7;9;11;11;12;8;10;11;14;15;11;14;43;10;10;22;14;8;0;41;5;13;7;12;44;43;48;39;48;45;45;31;45;41;55;69;34;47;35;42;72;36;53;40;49;34;54;46;42;70;49;62;46;31;40;35;39;55;72;42;46;49;66;37;45;72;35;32;43;66;41;42;36;41;39;58;92;60;92;99;52;67;66;65;40;60;88;29;62;59;85;66;81;41;63;42;60;55;60;33;53;79;64;86;67;47;65;53;59;96;61;57;78;59;64;58;58;65;64;87;42;70;58;81
Iris-setosa;33;1;31;30;34;40;31;33;27;31;36;34;2;5;4;43;38;32;38;36;35;36;47;35;37;3;34;34;32;32;31;33;41;40;31;32;34;31;2;33;33;21;31;37;41;0;38;30;36;31;73;72;75;40;69;66;76;42;68;60;24;40;31;70;58;69;43;53;62;55;78;45;69;67;65;41;70;23;69;46;53;46;58;74;43;75;73;60;37;42;62;43;42;41;62;37;64;65;41;62;60;77;63;83;63;70;67;90;81;102;67;79;59;32;83;88;56;107;98;40;92;61;79;74;91;52;74;50;85;57;88;86;86;74;76;67;94;84;49;86;91;85;77;94;95;58;47;39;91;52
Iris-setosa;5;37;9;8;4;4;7;5;11;9;2;4;38;41;38;9;6;6;2;2;5;4;17;9;7;35;6;4;6;6;7;7;5;6;9;10;6;9;38;5;7;19;9;7;5;38;0;8;2;7;49;48;53;38;53;50;50;32;50;46;56;74;29;52;40;47;77;37;58;45;54;33;59;51;47;75;54;61;51;32;45;36;44;60;77;47;51;54;71;36;50;77;34;33;48;71;46;47;35;46;38;63;97;65;97;104;57;72;71;70;41;65;93;24;67;64;90;71;86;40;68;43;61;60;65;32;58;84;69;91;72;48;70;58;64;101;66;62;83;64;69;63;63;70;69;92;41;71;63;86
Iris-setosa;3;29;1;2;4;12;3;3;3;3;6;4;30;33;30;15;10;4;10;8;5;8;17;7;7;31;6;4;2;2;3;5;11;10;3;2;4;3;30;3;5;11;1;9;13;30;8;0;6;1;45;44;49;30;49;46;48;28;46;42;52;70;21;48;36;43;73;33;54;41;50;25;55;47;43;71;50;53;47;28;41;32;40;56;73;47;47;50;67;28;46;73;26;29;44;67;42;43;27;42;32;59;93;61;93;100;53;68;67;74;37;61;89;16;63;60;86;79;82;32;64;39;57;56;63;24;54;80;65;87;68;56;66;54;60;97;66;58;79;60;65;59;59;66;67;88;33;67;63;82
Iris-setosa;3;35;7;6;2;6;5;3;9;7;0;4;36;39;36;9;6;4;4;2;5;2;15;9;7;35;6;2;4;6;7;5;5;6;7;8;4;7;36;3;5;17;7;7;7;36;2;6;0;5;49;48;53;36;53;50;50;32;50;46;56;74;27;52;40;47;77;37;58;45;54;31;59;51;47;75;54;59;51;32;45;36;44;60;77;47;51;54;71;34;50;77;32;33;48;71;46;47;33;46;36;63;97;65;97;104;57;72;71;70;41;65;93;22;67;64;90;73;86;38;68;43;61;60;65;30;58;84;69;91;72;50;70;58;64;101;66;62;83;64;69;63;63;70;69;92;39;71;63;86
Iris-setosa;2;30;2;3;3;11;2;2;4;4;5;3;31;34;31;14;9;3;9;7;4;7;16;6;6;32;5;3;1;3;4;4;10;9;4;3;3;4;31;2;4;12;2;8;12;31;7;1;5;0;46;45;50;31;50;47;47;29;47;43;53;71;22;49;37;44;74;34;55;42;51;26;56;48;44;72;51;54;48;29;42;33;41;57;74;46;48;51;68;29;47;74;27;30;45;68;43;44;28;43;31;60;94;62;94;101;54;69;68;73;38;62;90;17;64;61;87;78;83;33;65;40;58;57;62;25;55;81;66;88;69;55;67;55;61;98;65;59;80;61;66;60;60;67;66;89;34;68;62;83
Iris-versicolor;48;74;46;45;49;47;46;46;48;46;49;45;75;78;75;54;51;47;47;49;44;47;62;40;42;72;43;47;47;43;44;44;54;55;46;47;49;46;75;46;48;54;46;42;44;73;49;45;49;46;0;3;4;53;6;7;3;35;5;13;55;35;66;3;15;4;32;24;13;18;5;48;10;6;8;32;5;74;6;31;20;31;15;11;32;6;2;13;36;51;11;30;51;36;11;36;9;8;54;11;53;14;48;16;48;55;12;23;22;29;16;16;44;61;18;15;41;34;37;53;19;18;36;11;18;45;9;35;20;42;23;35;21;9;15;52;21;13;34;15;20;14;14;21;22;43;54;46;18;37
Iris-versicolor;47;73;45;44;48;46;45;45;47;45;48;44;74;77;74;53;50;46;46;48;43;46;61;39;41;71;42;46;46;42;43;43;53;54;45;46;48;45;74;45;47;53;45;41;43;72;48;44;48;45;3;0;5;52;5;6;4;34;6;12;54;32;65;6;14;3;29;23;10;17;6;47;11;9;7;31;8;71;3;30;19;30;14;12;29;3;3;12;35;50;10;31;50;35;10;35;8;7;53;10;50;15;49;17;49;56;9;24;23;30;19;17;45;60;19;16;42;35;38;50;20;21;39;12;19;42;10;36;21;43;24;38;22;10;18;53;22;14;35;16;21;15;15;22;23;44;51;49;19;38
Iris-versicolor;52;76;50;47;53;51;50;50;50;48;53;49;77;80;77;58;55;51;51;53;48;51;66;44;46;74;47;51;51;47;46;48;58;59;48;51;53;48;77;50;52;56;50;46;48;75;53;49;53;50;4;5;0;55;6;9;5;37;7;15;57;35;68;5;17;6;32;26;13;20;5;50;6;8;10;34;5;74;6;33;22;33;17;7;32;8;2;15;38;53;13;32;53;38;13;38;11;10;56;13;55;10;44;12;44;51;12;19;18;27;16;12;40;63;14;13;37;32;33;53;17;16;34;7;16;47;7;31;16;38;19;35;17;5;13;48;19;9;32;11;16;10;10;19;20;39;54;44;16;33
Iris-versicolor;33;41;29;30;34;38;31;33;27;31;36;34;42;39;38;41;34;32;38;36;35;34;27;31;37;43;32;34;32;32;31;31;41;40;31;28;32;31;40;33;31;19;29;31;39;40;38;30;36;31;53;52;55;0;49;46;56;42;48;40;64;60;13;50;38;49;63;53;44;39;58;5;49;49;45;61;50;25;49;46;37;46;40;54;63;55;53;40;57;2;44;63;4;41;42;59;44;45;5;42;24;57;83;63;83;90;47;70;61;82;67;59;79;14;63;68;76;87;78;4;72;61;79;54;71;16;54;70;65;77;68;86;66;54;56;87;74;64;69;66;71;65;57;74;75;78;9;79;71;72
Iris-versicolor;52;70;50;47;53;51;50;50;46;48;53;49;71;74;71;58;55;51;51;53;48;51;66;44;46;68;47;51;51;47;46;48;58;59;48;51;53;48;71;50;52;50;50;46;48;69;53;49;53;50;6;5;6;49;0;3;7;31;3;9;51;29;62;3;13;6;26;20;7;14;9;44;6;4;6;28;3;68;2;27;16;27;11;7;26;8;4;9;32;47;7;26;47;32;7;32;7;6;50;7;55;10;44;14;44;51;6;21;18;33;22;12;40;57;14;19;37;38;33;47;23;16;34;7;22;47;5;31;16;38;19;41;17;5;13;48;25;15;30;17;22;16;10;25;26;39;48;44;22;33
Iris-versicolor;49;67;47;44;50;48;47;47;43;45;50;46;68;71;68;55;52;48;48;50;45;48;63;41;43;65;44;48;48;44;43;45;55;56;45;48;50;45;68;47;49;47;47;43;45;66;50;46;50;47;7;6;9;46;3;0;10;28;2;8;48;30;59;4;10;5;27;17;8;11;12;41;9;3;3;27;4;69;3;24;13;24;8;10;27;9;7;6;29;44;4;27;44;29;4;29;4;3;47;4;56;13;47;17;47;54;7;24;21;36;21;15;43;54;17;22;40;41;36;48;26;15;33;10;25;48;8;34;19;41;22;40;20;8;14;51;28;18;33;20;25;19;13;28;29;42;49;43;25;36
Iris-versicolor;49;77;49;48;50;48;47;47;51;49;50;46;78;81;78;55;52;48;48;50;45;48;63;41;43;75;44;48;48;46;47;45;55;56;49;50;50;49;78;47;49;57;49;43;45;76;50;48;50;47;3;4;5;56;7;10;0;38;8;16;58;36;69;6;18;7;33;27;14;21;4;51;11;9;11;35;8;73;7;34;23;34;18;10;33;3;3;16;39;54;14;33;54;39;14;39;12;11;57;14;50;13;47;15;47;54;11;22;21;26;19;15;43;64;17;14;40;31;36;54;18;21;39;10;15;44;8;34;19;41;22;36;20;10;18;51;18;12;33;14;19;13;13;20;19;42;53;49;15;36
Iris-versicolor;31;41;29;26;32;34;31;29;25;25;32;28;40;43;42;41;38;32;32;34;27;34;45;29;25;39;30;30;30;26;25;31;35;38;25;30;32;25;42;29;33;23;29;33;31;42;32;28;32;29;35;34;37;42;31;28;38;0;30;22;24;44;31;32;20;31;47;11;28;17;40;45;31;29;27;45;32;65;31;4;15;4;20;36;47;37;35;24;41;42;24;47;42;1;24;41;26;27;41;24;60;39;67;45;67;74;29;52;43;64;27;41;63;30;45;50;60;69;60;44;54;21;39;36;53;52;36;54;47;61;50;46;48;36;38;71;56;46;53;48;53;47;39;56;57;62;47;41;53;56
Iris-versicolor;49;69;47;44;50;48;47;47;43;45;50;46;70;73;70;55;52;48;48;50;45;48;63;41;43;67;44;48;48;44;43;45;55;56;45;48;50;45;70;47;49;49;47;43;45;68;50;46;50;47;5;6;7;48;3;2;8;30;0;10;50;32;61;2;10;5;29;19;10;13;10;43;9;3;3;29;4;71;3;26;15;26;10;10;29;9;5;8;31;46;6;27;46;31;6;31;4;3;49;6;56;13;47;15;47;54;9;22;21;34;19;15;43;56;17;20;40;39;36;50;24;15;33;10;23;48;8;34;19;41;22;38;20;8;14;51;26;16;33;18;23;17;13;26;27;42;51;43;23;36
Iris-versicolor;45;61;43;40;46;44;43;43;39;41;46;42;62;65;62;51;48;44;44;46;41;44;59;37;39;59;40;44;44;40;39;41;51;52;41;44;46;41;62;43;45;41;43;39;41;60;46;42;46;43;13;12;15;40;9;8;16;22;10;0;42;28;53;10;6;9;31;15;12;5;18;37;13;11;7;29;10;61;9;18;7;18;2;14;31;15;13;10;27;38;8;31;38;23;4;29;6;7;41;4;50;17;51;23;51;58;11;30;25;42;29;19;47;48;23;28;44;47;40;40;32;23;41;14;31;42;14;38;25;45;28;48;26;14;18;55;34;24;37;26;31;25;17;34;35;46;41;49;31;40
Iris-versicolor;55;23;53;50;56;58;55;53;49;49;56;52;22;25;26;65;62;56;56;58;51;58;69;53;49;21;54;54;54;50;49;55;59;62;49;54;56;49;24;53;57;45;53;57;55;24;56;52;56;53;55;54;57;64;51;48;58;24;50;42;0;22;51;52;40;51;25;31;44;37;60;69;51;49;47;23;52;47;51;24;35;24;40;56;25;57;55;42;19;66;44;25;66;23;44;19;46;47;65;44;84;59;45;65;45;52;49;72;63;84;47;61;41;54;65;70;38;89;80;64;74;41;59;56;73;76;56;32;67;39;70;66;68;56;58;49;76;66;31;68;73;67;59;76;77;40;71;19;73;34
Iris-versicolor;73;41;71;68;74;72;71;71;67;69;74;70;42;45;44;79;76;72;72;74;69;72;87;65;67;39;68;72;72;68;67;69;79;80;69;72;74;69;42;71;73;61;71;67;69;40;74;70;74;71;35;32;35;60;29;30;36;44;32;28;22;0;71;32;34;31;3;39;22;29;38;65;29;33;29;3;32;39;29;44;29;40;30;34;3;35;33;24;3;62;28;5;64;43;26;3;28;29;65;28;76;37;23;43;23;30;27;50;41;62;51;39;19;72;43;48;16;67;58;56;52;45;63;34;51;68;34;10;45;17;48;70;46;34;38;27;54;44;9;46;51;45;37;54;55;18;63;23;51;12
Iris-versicolor;24;30;20;21;25;33;24;24;18;20;27;25;29;26;27;36;29;25;31;29;26;29;18;28;28;32;27;25;23;23;22;26;30;31;20;19;23;20;29;24;24;12;20;30;34;31;29;21;27;22;66;65;68;13;62;59;69;31;61;53;51;71;0;63;51;62;74;42;55;48;71;18;62;60;58;72;63;36;62;35;46;35;51;67;74;68;66;53;68;15;55;74;15;30;55;68;57;58;14;55;37;70;94;76;94;101;60;83;74;95;58;72;90;5;76;81;87;100;91;15;85;52;70;67;84;29;67;81;78;88;81;77;79;67;69;98;87;77;80;79;84;78;70;87;88;89;22;68;84;83
Iris-versicolor;51;71;49;46;52;50;49;49;45;47;52;48;72;75;72;57;54;50;50;52;47;50;65;43;45;69;46;50;50;46;45;47;57;58;47;50;52;47;72;49;51;51;49;45;47;70;52;48;52;49;3;6;5;50;3;4;6;32;2;10;52;32;63;0;12;5;29;21;10;15;8;45;7;3;5;29;2;71;3;28;17;28;12;8;29;9;3;10;33;48;8;27;48;33;8;33;6;5;51;8;56;11;45;13;45;52;9;20;19;32;19;13;41;58;15;18;38;37;34;50;22;15;33;8;21;48;6;32;17;39;20;38;18;6;12;49;24;14;31;16;21;15;11;24;25;40;51;43;21;34
Iris-versicolor;39;59;37;34;40;38;37;37;33;35;40;36;60;63;60;45;42;38;38;40;35;38;53;31;33;57;34;38;38;34;33;35;45;46;35;38;40;35;60;37;39;39;37;33;35;58;40;36;40;37;15;14;17;38;13;10;18;20;10;6;40;34;51;12;0;11;37;19;18;9;20;33;19;13;7;35;14;61;11;16;9;18;6;20;37;17;15;14;31;36;12;37;36;21;8;33;6;7;39;6;46;23;57;25;57;64;17;32;31;44;29;25;53;46;27;30;50;49;46;40;34;25;43;20;33;38;18;44;29;51;32;48;30;18;24;61;36;26;43;28;33;27;23;36;37;52;41;53;33;46
Iris-versicolor;46;70;44;41;47;45;44;44;44;42;47;43;71;74;71;52;49;45;45;47;42;45;60;38;40;68;41;45;45;41;40;42;52;53;42;45;47;42;71;44;46;50;44;40;42;69;47;43;47;44;4;3;6;49;6;5;7;31;5;9;51;31;62;5;11;0;30;20;11;14;9;44;12;8;4;28;7;70;4;27;16;27;11;13;30;6;4;9;32;47;7;30;47;32;7;32;5;4;50;7;51;16;50;18;50;57;10;25;24;33;20;18;46;57;20;19;43;38;39;49;23;20;38;13;22;43;11;37;22;44;25;39;23;11;17;54;25;15;36;17;22;16;16;25;26;45;50;48;22;39
Iris-versicolor;76;44;74;71;77;75;74;74;70;72;77;73;45;48;47;82;79;75;75;77;72;75;90;68;70;42;71;75;75;71;70;72;82;83;72;75;77;72;45;74;76;64;74;70;72;43;77;73;77;74;32;29;32;63;26;27;33;47;29;31;25;3;74;29;37;30;0;42;19;32;35;68;26;30;30;2;29;42;26;47;32;43;33;31;0;32;30;23;6;65;27;2;67;46;29;6;31;30;68;31;79;34;20;40;20;27;24;47;38;59;48;36;16;75;40;45;13;64;55;59;49;42;60;31;48;71;31;7;42;14;45;67;43;31;35;24;51;41;6;43;48;42;34;51;52;15;66;20;48;9
Iris-versicolor;36;52;34;31;37;39;36;34;30;30;37;33;51;54;53;46;43;37;37;39;32;39;50;34;30;50;35;35;35;31;30;36;40;43;30;35;37;30;53;34;38;34;34;38;36;53;37;33;37;34;24;23;26;53;20;17;27;11;19;15;31;39;42;21;19;20;42;0;23;14;29;50;24;18;16;40;21;76;20;7;16;7;13;25;42;26;24;19;36;51;15;42;49;12;13;36;15;16;50;13;65;28;62;34;62;69;22;41;36;53;16;30;58;39;34;39;55;58;51;55;43;10;28;25;42;57;25;49;36;56;39;35;37;25;29;66;45;35;48;37;42;36;28;45;46;57;56;36;42;51
Iris-versicolor;57;63;55;52;58;56;55;55;51;53;58;54;64;67;64;63;60;56;56;58;53;56;71;49;51;61;52;56;56;52;51;53;63;64;53;56;58;53;64;55;57;45;55;51;53;62;58;54;58;55;13;10;13;44;7;8;14;28;10;12;44;22;55;10;18;11;19;23;0;13;16;49;7;11;11;21;10;61;7;28;13;24;14;12;19;13;11;4;25;46;8;21;48;27;10;25;12;11;49;12;60;15;39;21;39;46;5;28;19;40;29;17;35;56;21;26;32;45;36;40;30;23;41;12;29;52;12;26;23;33;26;48;24;12;16;43;32;22;25;24;29;23;15;32;33;34;47;39;29;28
Iris-versicolor;44;56;42;39;45;43;42;42;38;40;45;41;57;60;57;50;47;43;43;45;40;43;58;36;38;54;39;43;43;39;38;40;50;51;40;43;45;40;57;42;44;36;42;38;40;55;45;41;45;42;18;17;20;39;14;11;21;17;13;5;37;29;48;15;9;14;32;14;13;0;23;40;14;12;10;30;15;62;14;15;2;13;3;19;32;20;18;9;26;37;7;32;37;18;7;26;9;10;36;7;55;22;52;28;52;59;12;35;26;47;28;24;48;43;28;33;45;52;43;41;37;22;40;19;36;47;19;39;30;46;33;47;31;19;21;56;39;29;38;31;36;30;22;39;40;47;42;44;36;41
Iris-versicolor;53;79;51;50;54;52;51;51;53;51;54;50;80;83;80;59;56;52;52;54;49;52;67;45;47;77;48;52;52;48;49;49;59;60;51;52;54;51;80;51;53;59;51;47;49;78;54;50;54;51;5;6;5;58;9;12;4;40;10;18;60;38;71;8;20;9;35;29;16;23;0;53;11;11;13;37;8;73;9;36;25;36;20;10;35;7;5;18;41;56;16;35;56;41;16;41;14;13;59;16;50;9;43;11;43;50;11;18;17;24;19;11;39;66;13;10;36;29;32;56;14;21;39;6;13;42;4;30;15;41;18;38;16;10;18;47;16;8;29;10;15;9;9;16;17;38;51;49;13;32
Iris-versicolor;28;46;24;25;29;33;26;28;22;26;31;29;47;44;43;36;29;27;33;31;30;29;22;26;32;48;27;29;27;27;26;26;36;35;26;23;27;26;45;28;26;24;24;26;34;45;33;25;31;26;48;47;50;5;44;41;51;45;43;37;69;65;18;45;33;44;68;50;49;40;53;0;50;44;40;66;45;30;44;45;40;49;37;51;68;50;48;45;62;3;43;68;3;46;39;64;39;40;6;37;19;54;88;58;88;95;48;65;62;77;62;56;84;15;58;63;81;82;77;9;67;56;74;51;66;11;49;75;60;82;63;81;61;49;55;92;69;59;74;61;66;60;54;69;70;83;10;84;66;77
Iris-versicolor;58;70;56;53;59;57;56;56;52;54;59;55;71;74;71;64;61;57;57;59;54;57;72;50;52;68;53;57;57;53;52;54;64;65;54;57;59;54;71;56;58;50;56;52;54;69;59;55;59;56;10;11;6;49;6;9;11;31;9;13;51;29;62;7;19;12;26;24;7;14;11;50;0;8;12;28;5;68;8;29;16;27;15;5;26;14;8;9;32;47;9;26;49;32;11;32;13;12;50;13;61;8;38;14;38;45;6;21;12;33;22;10;34;57;14;19;31;38;29;47;23;16;34;5;22;53;7;25;16;32;19;41;17;5;9;42;25;15;26;17;22;16;8;25;26;33;48;38;22;27
Iris-versicolor;50;68;48;45;51;49;48;48;44;46;51;47;69;72;69;56;53;49;49;51;46;49;64;42;44;66;45;49;49;45;44;46;56;57;46;49;51;46;69;48;50;48;48;44;46;67;51;47;51;48;6;9;8;49;4;3;9;29;3;11;49;33;60;3;13;8;30;18;11;12;11;44;8;0;6;30;3;72;6;25;14;25;9;9;30;12;6;9;32;47;5;28;45;30;7;30;7;6;48;7;59;12;46;16;46;53;10;23;20;35;18;14;42;55;16;21;39;40;35;51;25;12;30;9;24;51;7;33;18;40;21;37;19;7;13;50;27;17;32;19;24;18;12;27;28;41;52;40;24;35
Iris-versicolor;46;66;44;41;47;45;44;44;40;42;47;43;67;70;67;52;49;45;45;47;42;45;60;38;40;64;41;45;45;41;40;42;52;53;42;45;47;42;67;44;46;46;44;40;42;65;47;43;47;44;8;7;10;45;6;3;11;27;3;7;47;29;58;5;7;4;30;16;11;10;13;40;12;6;0;28;7;68;4;23;12;23;7;13;30;10;8;7;28;43;5;30;43;28;3;28;1;0;46;3;53;16;50;18;50;57;10;25;24;37;22;18;46;53;20;23;43;42;39;47;27;18;36;13;26;45;11;37;22;44;25;41;23;11;17;54;29;19;36;21;26;20;16;29;30;45;48;46;26;39
Iris-versicolor;74;42;72;69;75;73;72;72;68;70;75;71;43;46;45;80;77;73;73;75;70;73;88;66;68;40;69;73;73;69;68;70;80;81;70;73;75;70;43;72;74;62;72;68;70;41;75;71;75;72;32;31;34;61;28;27;35;45;29;29;23;3;72;29;35;28;2;40;21;30;37;66;28;30;28;0;29;42;28;45;30;41;31;33;2;34;32;21;4;63;25;2;65;44;27;4;29;28;66;29;79;36;22;42;22;29;26;49;40;61;48;38;18;73;42;47;15;66;57;59;51;42;60;33;50;71;33;9;44;16;47;67;45;33;35;26;53;43;8;45;50;44;36;53;54;17;66;20;50;11
Iris-versicolor;53;71;51;48;54;52;51;51;47;49;54;50;72;75;72;59;56;52;52;54;49;52;67;45;47;69;48;52;52;48;47;49;59;60;49;52;54;49;72;51;53;51;51;47;49;70;54;50;54;51;5;8;5;50;3;4;8;32;4;10;52;32;63;2;14;7;29;21;10;15;8;45;5;3;7;29;0;71;5;28;17;28;12;6;29;11;5;10;33;48;8;27;48;33;8;33;8;7;51;8;58;9;43;13;43;50;9;20;17;32;19;11;39;58;13;18;36;37;32;50;22;13;31;6;21;50;4;30;15;37;18;38;16;4;10;47;24;14;29;16;21;15;9;24;25;38;51;41;21;32
Iris-versicolor;56;24;52;53;57;61;54;56;50;54;59;57;25;22;23;64;57;55;61;59;58;57;52;54;60;26;55;57;55;55;54;54;64;63;54;51;55;54;23;56;54;42;52;54;62;23;61;53;59;54;74;71;74;25;68;69;73;65;71;61;47;39;36;71;61;70;42;76;61;62;73;30;68;72;68;42;71;0;68;69;60;69;63;71;42;72;72;63;40;27;67;44;29;64;65;42;67;68;30;65;39;72;58;78;58;65;62;85;76;97;90;74;54;37;78;83;51;102;93;21;87;84;102;69;86;31;69;45;80;54;83;109;81;73;77;62;89;79;44;81;86;80;72;89;90;53;24;62;86;47
Iris-versicolor;50;70;48;45;51;49;48;48;44;46;51;47;71;74;71;56;53;49;49;51;46;49;64;42;44;68;45;49;49;45;44;46;56;57;46;49;51;46;71;48;50;50;48;44;46;69;51;47;51;48;6;3;6;49;2;3;7;31;3;9;51;29;62;3;11;4;26;20;7;14;9;44;8;6;4;28;5;68;0;27;16;27;11;9;26;6;4;9;32;47;7;28;47;32;7;32;5;4;50;7;53;12;46;14;46;53;6;21;20;33;22;14;42;57;16;19;39;38;35;47;23;18;36;9;22;45;7;33;18;40;21;41;19;7;15;50;25;15;32;17;22;16;12;25;26;41;48;46;22;35
Iris-versicolor;31;45;29;26;32;34;31;29;25;25;32;28;44;47;46;41;38;32;32;34;27;34;45;29;25;43;30;30;30;26;25;31;35;38;25;30;32;25;46;29;33;27;29;33;31;46;32;28;32;29;31;30;33;46;27;24;34;4;26;18;24;44;35;28;16;27;47;7;28;15;36;45;29;25;23;45;28;69;27;0;15;4;16;32;47;33;31;24;41;44;20;47;42;5;20;41;22;23;43;20;60;35;67;41;67;74;27;48;41;60;23;37;63;32;41;46;60;65;56;48;50;17;35;32;49;52;32;54;43;61;46;42;44;32;34;71;52;42;53;44;49;43;35;52;53;62;49;41;49;56
Iris-versicolor;44;54;42;39;45;43;42;42;38;40;45;41;55;58;55;50;47;43;43;45;40;43;58;36;38;52;39;43;43;39;38;40;50;51;40;43;45;40;55;42;44;34;42;38;40;53;45;41;45;42;20;19;22;37;16;13;23;15;15;7;35;29;46;17;9;16;32;16;13;2;25;40;16;14;12;30;17;60;16;15;0;11;5;21;32;22;20;9;26;37;9;32;37;16;9;26;11;12;36;9;55;24;52;30;52;59;14;37;28;49;30;26;48;43;30;35;45;54;45;39;39;24;42;21;38;47;21;39;32;46;35;49;33;21;23;56;41;31;38;33;38;32;24;41;42;47;42;44;38;41
Iris-versicolor;35;45;33;30;36;38;35;33;29;29;36;32;44;47;46;45;42;36;36;38;31;38;49;33;29;43;34;34;34;30;29;35;39;42;29;34;36;29;46;33;37;27;33;37;35;46;36;32;36;33;31;30;33;46;27;24;34;4;26;18;24;40;35;28;18;27;43;7;24;13;36;49;27;25;23;41;28;69;27;4;11;0;16;32;43;33;31;20;37;46;20;43;46;5;20;37;22;23;45;20;64;35;63;41;63;70;25;48;39;60;23;37;59;34;41;46;56;65;56;48;50;17;35;32;49;56;32;50;43;57;46;42;44;32;34;67;52;42;49;44;49;43;35;52;53;58;51;37;49;52
Iris-versicolor;43;59;41;38;44;42;41;41;37;39;44;40;60;63;60;49;46;42;42;44;39;42;57;35;37;57;38;42;42;38;37;39;49;50;39;42;44;39;60;41;43;39;41;37;39;58;44;40;44;41;15;14;17;40;11;8;18;20;10;2;40;30;51;12;6;11;33;13;14;3;20;37;15;9;7;31;12;63;11;16;5;16;0;16;33;17;15;10;27;38;6;33;36;21;4;27;6;7;39;4;52;19;53;25;53;60;13;32;27;44;27;21;49;46;25;30;46;49;42;42;34;21;39;16;33;44;16;40;27;47;30;46;28;16;20;57;36;26;39;28;33;27;19;36;37;48;43;47;33;42
Iris-versicolor;59;75;57;54;60;58;57;57;53;55;60;56;76;79;76;65;62;58;58;60;55;58;73;51;53;73;54;58;58;54;53;55;65;66;55;58;60;55;76;57;59;55;57;53;55;74;60;56;60;57;11;12;7;54;7;10;10;36;10;14;56;34;67;8;20;13;31;25;12;19;10;51;5;9;13;33;6;71;9;32;21;32;16;0;31;13;9;14;37;52;12;31;52;37;12;37;14;13;55;14;60;3;37;9;37;44;9;16;11;28;19;5;33;62;9;14;30;33;26;52;18;17;31;4;17;52;6;28;11;31;14;38;12;2;8;41;20;10;29;12;17;11;3;20;21;32;51;39;17;26
Iris-versicolor;76;44;74;71;77;75;74;74;70;72;77;73;45;48;47;82;79;75;75;77;72;75;90;68;70;42;71;75;75;71;70;72;82;83;72;75;77;72;45;74;76;64;74;70;72;43;77;73;77;74;32;29;32;63;26;27;33;47;29;31;25;3;74;29;37;30;0;42;19;32;35;68;26;30;30;2;29;42;26;47;32;43;33;31;0;32;30;23;6;65;27;2;67;46;29;6;31;30;68;31;79;34;20;40;20;27;24;47;38;59;48;36;16;75;40;45;13;64;55;59;49;42;60;31;48;71;31;7;42;14;45;67;43;31;35;24;51;41;6;43;48;42;34;51;52;15;66;20;48;9
Iris-versicolor;46;76;48;47;47;45;44;44;50;48;47;43;77;80;77;52;49;45;45;47;42;45;60;40;40;74;41;45;45;45;46;42;52;53;48;49;47;48;77;44;46;56;48;40;42;75;47;47;47;46;6;3;8;55;8;9;3;37;9;15;57;35;68;9;17;6;32;26;13;20;7;50;14;12;10;34;11;72;6;33;22;33;17;13;32;0;6;15;38;53;13;34;53;38;13;38;11;10;56;13;49;16;50;18;50;57;10;25;24;27;22;18;46;63;20;17;43;32;39;53;21;24;42;13;18;43;11;37;22;44;25;37;23;13;21;54;19;15;36;17;22;16;16;23;22;45;52;52;16;39
Iris-versicolor;50;74;48;45;51;49;48;48;48;46;51;47;75;78;75;56;53;49;49;51;46;49;64;42;44;72;45;49;49;45;44;46;56;57;46;49;51;46;75;48;50;54;48;44;46;73;51;47;51;48;2;3;2;53;4;7;3;35;5;13;55;33;66;3;15;4;30;24;11;18;5;48;8;6;8;32;5;72;4;31;20;31;15;9;30;6;0;13;36;51;11;30;51;36;11;36;9;8;54;11;53;12;46;14;46;53;10;21;20;29;18;14;42;61;16;15;39;34;35;51;19;18;36;9;18;45;7;33;18;40;21;37;19;7;15;50;21;11;32;13;18;12;12;21;22;41;52;46;18;35
Iris-versicolor;53;61;51;48;54;52;51;51;47;49;54;50;62;65;62;59;56;52;52;54;49;52;67;45;47;59;48;52;52;48;47;49;59;60;49;52;54;49;62;51;53;41;51;47;49;60;54;50;54;51;13;12;15;40;9;6;16;24;8;10;42;24;53;10;14;9;23;19;4;9;18;45;9;9;7;21;10;63;9;24;9;20;10;14;23;15;13;0;23;42;4;23;44;23;6;23;8;7;45;8;60;17;43;23;43;50;7;30;21;42;27;19;39;52;23;28;36;47;38;42;32;21;39;14;31;52;14;30;25;37;28;46;26;14;16;47;34;24;29;26;31;25;17;34;35;38;47;39;31;32
Iris-versicolor;70;38;68;65;71;69;68;68;64;66;71;67;39;42;41;76;73;69;69;71;66;69;84;62;64;36;65;69;69;65;64;66;76;77;66;69;71;66;39;68;70;58;68;64;66;37;71;67;71;68;36;35;38;57;32;29;39;41;31;27;19;3;68;33;31;32;6;36;25;26;41;62;32;32;28;4;33;40;32;41;26;37;27;37;6;38;36;23;0;59;27;6;61;40;25;2;27;28;62;25;77;40;26;46;26;33;30;53;44;65;50;42;22;69;46;51;19;70;61;57;55;44;62;37;54;69;37;13;48;20;51;69;49;37;39;30;57;47;12;49;54;48;40;57;58;21;64;22;54;15
Iris-versicolor;31;43;27;28;32;36;29;31;25;29;34;32;44;41;40;39;32;30;36;34;33;32;25;29;35;45;30;32;30;30;29;29;39;38;29;26;30;29;42;31;29;21;27;29;37;42;36;28;34;29;51;50;53;2;47;44;54;42;46;38;66;62;15;48;36;47;65;51;46;37;56;3;47;47;43;63;48;27;47;44;37;46;38;52;65;53;51;42;59;0;42;65;2;43;40;61;42;43;3;40;22;55;85;61;85;92;45;68;59;80;65;57;81;12;61;66;78;85;76;6;70;59;77;52;69;14;52;72;63;79;66;84;64;52;54;89;72;62;71;64;69;63;55;72;73;80;7;81;69;74
Iris-versicolor;49;63;47;44;50;48;47;47;43;45;50;46;64;67;64;55;52;48;48;50;45;48;63;41;43;61;44;48;48;44;43;45;55;56;45;48;50;45;64;47;49;43;47;43;45;62;50;46;50;47;11;10;13;44;7;4;14;24;6;8;44;28;55;8;12;7;27;15;8;7;16;43;9;5;5;25;8;67;7;20;9;20;6;12;27;13;11;4;27;42;0;27;40;25;4;25;6;5;43;6;58;15;47;21;47;54;7;28;21;40;23;17;43;50;21;26;40;45;36;46;30;17;35;12;29;50;12;34;23;41;26;42;24;12;14;51;32;22;33;24;29;23;15;32;33;42;47;41;29;36
Iris-versicolor;76;44;74;71;77;75;74;74;70;72;77;73;45;48;47;82;79;75;75;77;72;75;90;68;70;42;71;75;75;71;70;72;82;83;72;75;77;72;45;74;76;64;74;70;72;43;77;73;77;74;30;31;32;63;26;27;33;47;27;31;25;5;74;27;37;30;2;42;21;32;35;68;26;28;30;2;27;44;28;47;32;43;33;31;2;34;30;23;6;65;27;0;67;46;29;6;31;30;68;31;81;34;20;40;20;27;26;47;38;59;46;36;16;75;40;45;13;64;55;61;49;40;58;31;48;73;31;7;42;14;45;65;43;31;33;24;51;41;6;43;48;42;34;51;52;15;68;18;48;9
Iris-versicolor;29;43;25;26;30;34;27;29;23;27;32;30;44;41;40;37;30;28;34;32;31;30;23;27;33;45;28;30;28;28;27;27;37;36;27;24;28;27;42;29;27;21;25;27;35;42;34;26;32;27;51;50;53;4;47;44;54;42;46;38;66;64;15;48;36;47;67;49;48;37;56;3;49;45;43;65;48;29;47;42;37;46;36;52;67;53;51;44;61;2;40;67;0;43;40;61;42;43;3;40;22;55;87;61;87;94;47;68;61;80;63;57;83;12;61;66;80;85;76;8;70;57;75;52;69;14;52;74;63;81;66;82;64;52;54;91;72;62;73;64;69;63;55;72;73;82;9;81;69;76
Iris-versicolor;32;40;30;27;33;35;32;30;26;26;33;29;39;42;41;42;39;33;33;35;28;35;46;30;26;38;31;31;31;27;26;32;36;39;26;31;33;26;41;30;34;22;30;34;32;41;33;29;33;30;36;35;38;41;32;29;39;1;31;23;23;43;30;33;21;32;46;12;27;18;41;46;32;30;28;44;33;64;32;5;16;5;21;37;46;38;36;23;40;43;25;46;43;0;25;40;27;28;42;25;61;40;66;46;66;73;30;53;44;65;28;42;62;31;46;51;59;70;61;43;55;22;40;37;54;53;37;53;48;60;51;47;49;37;39;70;57;47;52;49;54;48;40;57;58;61;48;40;54;55
Iris-versicolor;47;63;45;42;48;46;45;45;41;43;48;44;64;67;64;53;50;46;46;48;43;46;61;39;41;61;42;46;46;42;41;43;53;54;43;46;48;43;64;45;47;43;45;41;43;62;48;44;48;45;11;10;13;42;7;4;14;24;6;4;44;26;55;8;8;7;29;13;10;7;16;39;11;7;3;27;8;65;7;20;9;20;4;12;29;13;11;6;25;40;4;29;40;25;0;25;2;3;43;2;54;15;49;21;49;56;9;28;23;40;25;17;45;50;21;26;42;45;38;44;30;19;37;12;29;46;12;36;23;43;26;44;24;12;16;53;32;22;35;24;29;23;15;32;33;44;45;45;29;38
Iris-versicolor;70;38;68;65;71;69;68;68;64;66;71;67;39;42;41;76;73;69;69;71;66;69;84;62;64;36;65;69;69;65;64;66;76;77;66;69;71;66;39;68;70;58;68;64;66;37;71;67;71;68;36;35;38;59;32;29;39;41;31;29;19;3;68;33;33;32;6;36;25;26;41;64;32;30;28;4;33;42;32;41;26;37;27;37;6;38;36;23;2;61;25;6;61;40;25;0;27;28;62;27;79;40;26;46;26;33;30;53;44;65;48;42;22;69;46;51;19;70;61;59;55;42;60;37;54;71;37;13;48;20;51;67;49;37;39;30;57;47;12;49;54;48;40;57;58;21;66;20;54;15
Iris-versicolor;45;65;43;40;46;44;43;43;39;41;46;42;66;69;66;51;48;44;44;46;41;44;59;37;39;63;40;44;44;40;39;41;51;52;41;44;46;41;66;43;45;45;43;39;41;64;46;42;46;43;9;8;11;44;7;4;12;26;4;6;46;28;57;6;6;5;31;15;12;9;14;39;13;7;1;29;8;67;5;22;11;22;6;14;31;11;9;8;27;42;6;31;42;27;2;27;0;1;45;2;52;17;51;19;51;58;11;26;25;38;23;19;47;52;21;24;44;43;40;46;28;19;37;14;27;44;12;38;23;45;26;42;24;12;18;55;30;20;37;22;27;21;17;30;31;46;47;47;27;40
Iris-versicolor;46;66;44;41;47;45;44;44;40;42;47;43;67;70;67;52;49;45;45;47;42;45;60;38;40;64;41;45;45;41;40;42;52;53;42;45;47;42;67;44;46;46;44;40;42;65;47;43;47;44;8;7;10;45;6;3;11;27;3;7;47;29;58;5;7;4;30;16;11;10;13;40;12;6;0;28;7;68;4;23;12;23;7;13;30;10;8;7;28;43;5;30;43;28;3;28;1;0;46;3;53;16;50;18;50;57;10;25;24;37;22;18;46;53;20;23;43;42;39;47;27;18;36;13;26;45;11;37;22;44;25;41;23;11;17;54;29;19;36;21;26;20;16;29;30;45;48;46;26;39
Iris-versicolor;30;42;26;27;31;35;28;30;24;28;33;31;43;40;39;38;31;29;35;33;32;31;22;28;34;44;29;31;29;29;28;28;38;37;28;25;29;28;41;30;28;20;26;28;36;41;35;27;33;28;54;53;56;5;50;47;57;41;49;41;65;65;14;51;39;50;68;50;49;36;59;6;50;48;46;66;51;30;50;43;36;45;39;55;68;56;54;45;62;3;43;68;3;42;43;62;45;46;0;43;25;58;88;64;88;95;48;71;62;83;64;60;84;11;64;69;81;88;79;9;73;58;76;55;72;17;55;75;66;82;69;83;67;55;57;92;75;65;74;67;72;66;58;75;76;83;10;80;72;77
Iris-versicolor;45;63;43;40;46;44;43;43;39;41;46;42;64;67;64;51;48;44;44;46;41;44;59;37;39;61;40;44;44;40;39;41;51;52;41;44;46;41;64;43;45;43;43;39;41;62;46;42;46;43;11;10;13;42;7;4;14;24;6;4;44;28;55;8;6;7;31;13;12;7;16;37;13;7;3;29;8;65;7;20;9;20;4;14;31;13;11;8;25;40;6;31;40;25;2;27;2;3;43;0;52;17;51;21;51;58;11;28;25;40;25;19;47;50;21;26;44;45;40;44;30;19;37;14;29;44;12;38;23;45;26;44;24;12;18;55;32;22;37;24;29;23;17;32;33;46;45;47;29;40
Iris-virginica;33;61;31;34;34;38;31;33;35;35;36;34;62;59;58;41;34;32;38;36;35;34;31;31;37;63;32;34;32;34;35;31;41;40;35;30;32;35;60;33;31;39;31;31;39;60;38;32;36;31;53;50;55;24;55;56;50;60;56;50;84;76;37;56;46;51;79;65;60;55;50;19;61;59;53;79;58;39;53;60;55;64;52;60;79;49;53;60;77;22;58;81;22;61;54;79;52;53;25;52;0;57;87;61;85;94;55;68;67;58;69;59;83;32;51;50;86;69;72;22;54;71;89;56;55;8;54;80;59;91;66;86;58;60;68;87;52;58;79;54;53;49;57;56;51;78;15;99;51;82
Iris-virginica;62;78;60;57;63;61;60;60;56;58;63;59;79;82;79;68;65;61;61;63;58;61;76;54;56;76;57;61;61;57;56;58;68;69;58;61;63;58;79;60;62;58;60;56;58;77;63;59;63;60;14;15;10;57;10;13;13;39;13;17;59;37;70;11;23;16;34;28;15;22;9;54;8;12;16;36;9;72;12;35;24;35;19;3;34;16;12;17;40;55;15;34;55;40;15;40;17;16;58;17;57;0;34;8;34;41;10;15;10;25;22;2;30;65;6;11;29;30;23;55;15;20;34;3;14;51;5;27;8;34;11;41;9;5;11;38;17;9;28;9;14;8;0;17;18;29;48;42;14;25
Iris-virginica;96;64;94;91;97;95;94;94;90;92;97;93;65;68;67;102;99;95;95;97;92;95;110;88;90;62;91;95;95;91;90;92;102;103;92;95;97;92;65;94;96;84;94;90;92;63;97;93;97;94;48;49;44;83;44;47;47;67;47;51;45;23;94;45;57;50;20;62;39;52;43;88;38;46;50;22;43;58;46;67;52;63;53;37;20;50;46;43;26;85;47;20;87;66;49;26;51;50;88;51;87;34;0;32;2;7;40;33;26;39;56;32;4;95;36;37;7;44;35;79;33;54;52;37;32;85;39;13;28;6;29;59;29;39;33;4;37;35;14;33;34;38;34;31;36;9;78;26;38;11
Iris-virginica;64;84;62;59;65;63;62;62;58;60;65;61;85;88;85;70;67;63;63;65;60;63;78;56;58;82;59;63;63;59;58;60;70;71;60;63;65;60;85;62;64;64;62;58;60;83;65;61;65;62;16;17;12;63;14;17;15;45;15;23;65;43;76;13;25;18;40;34;21;28;11;58;14;16;18;42;13;78;14;41;30;41;25;9;40;18;14;23;46;61;21;40;61;46;21;46;19;18;64;21;61;8;32;0;32;39;16;7;6;19;24;6;30;71;12;11;27;24;21;61;9;24;28;9;8;53;9;33;4;30;7;33;5;9;7;36;11;3;34;7;8;12;8;11;12;35;56;46;12;31
Iris-virginica;96;64;94;91;97;95;94;94;90;92;97;93;65;68;67;102;99;95;95;97;92;95;110;88;90;62;91;95;95;91;90;92;102;103;92;95;97;92;65;94;96;84;94;90;92;63;97;93;97;94;48;49;44;83;44;47;47;67;47;51;45;23;94;45;57;50;20;62;39;52;43;88;38;46;50;22;43;58;46;67;52;63;53;37;20;50;46;43;26;85;47;20;87;66;49;26;51;50;88;51;85;34;2;32;0;9;40;35;26;39;56;32;4;95;34;35;7;44;35;79;31;54;54;37;32;85;39;13;28;6;31;61;27;39;33;4;35;35;14;33;32;36;34;31;34;7;78;26;36;11
Iris-virginica;103;71;101;98;104;102;101;101;97;99;104;100;72;75;74;109;106;102;102;104;99;102;117;95;97;69;98;102;102;98;97;99;109;110;99;102;104;99;72;101;103;91;101;97;99;70;104;100;104;101;55;56;51;90;51;54;54;74;54;58;52;30;101;52;64;57;27;69;46;59;50;95;45;53;57;29;50;65;53;74;59;70;60;44;27;57;53;50;33;92;54;27;94;73;56;33;58;57;95;58;94;41;7;39;9;0;47;32;33;42;63;39;11;102;43;44;14;37;28;86;40;61;45;44;39;92;46;20;35;13;32;56;36;46;40;7;44;42;21;40;41;45;41;38;43;16;85;33;45;18
Iris-virginica;56;68;54;51;57;55;54;54;50;52;57;53;69;72;69;62;59;55;55;57;52;55;70;48;50;66;51;55;55;51;50;52;62;63;52;55;57;52;69;54;56;48;54;50;52;67;57;53;57;54;12;9;12;47;6;7;11;29;9;11;49;27;60;9;17;10;24;22;5;12;11;48;6;10;10;26;9;62;6;27;14;25;13;9;24;10;10;7;30;45;7;26;47;30;9;30;11;10;48;11;55;10;40;16;40;47;0;23;14;35;28;12;36;55;16;21;33;40;31;45;25;22;40;7;24;47;7;27;18;36;21;47;19;11;15;44;27;17;26;19;24;18;10;27;28;35;42;44;24;29
Iris-virginica;71;91;69;66;72;70;69;69;65;67;72;68;92;95;92;77;74;70;70;72;67;70;85;63;65;89;66;70;70;66;65;67;77;78;67;70;72;67;92;69;71;71;69;65;67;90;72;68;72;69;23;24;19;70;21;24;22;52;22;30;72;50;83;20;32;25;47;41;28;35;18;65;21;23;25;49;20;85;21;48;37;48;32;16;47;25;21;30;53;68;28;47;68;53;28;53;26;25;71;28;68;15;33;7;35;32;23;0;9;16;31;13;37;78;19;18;34;17;14;68;14;31;21;16;13;60;16;40;11;33;4;26;12;16;14;33;18;10;41;14;15;19;15;12;17;42;63;53;19;38
Iris-virginica;70;82;68;65;71;69;68;68;64;66;71;67;83;86;83;76;73;69;69;71;66;69;84;62;64;80;65;69;69;65;64;66;76;77;66;69;71;66;83;68;70;62;68;64;66;81;71;67;71;68;22;23;18;61;18;21;21;43;21;25;63;41;74;19;31;24;38;36;19;26;17;62;12;20;24;40;17;76;20;41;28;39;27;11;38;24;20;21;44;59;21;38;61;44;23;44;25;24;62;25;67;10;26;6;26;33;14;9;0;21;30;8;28;69;16;17;25;26;17;59;13;28;28;11;12;59;13;31;8;24;7;35;9;13;7;30;17;9;32;13;14;18;10;13;16;33;54;44;18;29
Iris-virginica;71;103;75;74;70;68;71;71;77;75;70;70;104;107;104;75;72;70;68;70;69;68;83;67;67;101;68;70;72;72;73;69;75;76;75;76;72;75;104;71;71;83;75;65;65;102;70;74;70;73;29;30;27;82;33;36;26;64;34;42;84;62;95;32;44;33;59;53;40;47;24;77;33;35;37;61;32;97;33;60;49;60;44;28;59;27;29;42;65;80;40;59;80;65;40;65;38;37;83;40;58;25;39;19;39;42;35;16;21;0;37;23;43;90;19;14;46;11;20;80;10;43;37;28;11;66;28;52;17;45;14;28;16;28;26;35;8;18;53;16;11;17;25;8;7;44;73;65;11;50
Iris-virginica;40;66;38;37;41;43;40;38;40;38;41;37;67;70;67;50;47;41;41;43;36;43;54;38;34;64;39;39;39;35;36;40;46;47;38;39;41;38;67;38;42;48;38;42;40;67;41;37;41;38;16;19;16;67;22;21;19;27;19;29;47;51;58;19;29;20;48;16;29;28;19;62;22;18;22;48;19;90;22;23;30;23;27;19;48;22;18;27;50;65;23;46;63;28;25;48;23;22;64;25;69;22;56;24;56;63;28;31;30;37;0;24;52;53;26;23;49;42;45;69;27;6;20;23;26;61;23;47;28;50;31;19;29;17;23;60;29;21;48;23;28;22;22;29;30;51;70;30;26;45
Iris-virginica;64;80;62;59;65;63;62;62;58;60;65;61;81;84;81;70;67;63;63;65;60;63;78;56;58;78;59;63;63;59;58;60;70;71;60;63;65;60;81;62;64;60;62;58;60;79;65;61;65;62;16;17;12;59;12;15;15;41;15;19;61;39;72;13;25;18;36;30;17;24;11;56;10;14;18;38;11;74;14;37;26;37;21;5;36;18;14;19;42;57;17;36;57;42;17;42;19;18;60;19;59;2;32;6;32;39;12;13;8;23;24;0;28;67;8;9;27;28;21;57;13;22;32;5;12;53;7;29;6;32;9;39;7;7;9;36;15;7;30;7;12;10;2;15;16;29;50;42;12;27
Iris-virginica;92;60;90;87;93;91;90;90;86;88;93;89;61;64;63;98;95;91;91;93;88;91;106;84;86;58;87;91;91;87;86;88;98;99;88;91;93;88;61;90;92;80;90;86;88;59;93;89;93;90;44;45;40;79;40;43;43;63;43;47;41;19;90;41;53;46;16;58;35;48;39;84;34;42;46;18;39;54;42;63;48;59;49;33;16;46;42;39;22;81;43;16;83;62;45;22;47;46;84;47;83;30;4;30;4;11;36;37;28;43;52;28;0;91;32;33;3;48;39;75;33;50;56;33;32;81;35;9;26;8;33;63;27;35;31;8;35;31;10;29;32;34;30;35;36;5;74;22;34;7
Iris-virginica;19;31;15;16;20;28;19;19;13;17;22;20;32;29;28;31;24;20;26;24;21;24;15;23;23;33;22;20;18;18;17;21;27;26;17;14;18;17;30;19;19;11;15;25;29;32;24;16;22;17;61;60;63;14;57;54;64;30;56;48;54;72;5;58;46;57;75;39;56;43;66;15;57;55;53;73;58;37;57;32;43;34;46;62;75;63;61;52;69;12;50;75;12;31;50;69;52;53;11;50;32;65;95;71;95;102;55;78;69;90;53;67;91;0;71;76;88;95;86;16;80;47;65;62;79;24;62;82;73;89;76;72;74;62;64;99;82;72;81;74;79;73;65;82;83;90;17;69;79;84
Iris-virginica;66;84;64;61;67;65;64;64;60;62;67;63;85;88;85;72;69;65;65;67;62;65;80;58;60;82;61;65;65;61;60;62;72;73;62;65;67;62;85;64;66;64;64;60;62;83;67;63;67;64;18;19;14;63;14;17;17;45;17;23;65;43;76;15;27;20;40;34;21;28;13;58;14;16;20;42;13;78;16;41;30;41;25;9;40;20;16;23;46;61;21;40;61;46;21;46;21;20;64;21;51;6;36;12;34;43;16;19;16;19;26;8;32;71;0;7;35;28;21;61;11;24;38;9;14;55;9;33;8;40;15;45;7;9;17;36;11;13;34;9;8;4;6;13;12;27;54;48;10;31
Iris-virginica;63;89;61;60;64;62;61;61;63;61;64;60;90;93;90;69;66;62;62;64;59;62;77;55;57;87;58;62;62;58;59;59;69;70;61;62;64;61;90;61;63;69;61;57;59;88;64;60;64;61;15;16;13;68;19;22;14;50;20;28;70;48;81;18;30;19;45;39;26;33;10;63;19;21;23;47;18;83;19;46;35;46;30;14;45;17;15;28;51;66;26;45;66;51;26;51;24;23;69;26;50;11;37;11;35;44;21;18;17;14;23;9;33;76;7;0;36;21;22;66;4;29;39;14;7;52;14;38;9;41;16;38;8;14;18;37;6;8;39;4;5;3;11;6;7;30;59;51;3;36
Iris-virginica;89;57;87;84;90;88;87;87;83;85;90;86;58;61;60;95;92;88;88;90;85;88;103;81;83;55;84;88;88;84;83;85;95;96;85;88;90;85;58;87;89;77;87;83;85;56;90;86;90;87;41;42;37;76;37;40;40;60;40;44;38;16;87;38;50;43;13;55;32;45;36;81;31;39;43;15;36;51;39;60;45;56;46;30;13;43;39;36;19;78;40;13;80;59;42;19;44;43;81;44;86;29;7;27;7;14;33;34;25;46;49;27;3;88;35;36;0;51;42;72;36;47;53;30;35;78;32;6;29;5;32;60;30;32;28;11;38;28;7;32;35;37;29;38;39;8;73;19;37;4
Iris-virginica;76;108;80;79;75;69;76;76;82;80;73;75;109;112;109;76;73;75;69;71;74;71;88;72;72;106;73;75;77;77;78;74;76;77;80;81;77;80;109;76;76;88;80;70;66;107;71;79;73;78;34;35;32;87;38;41;31;69;39;47;89;67;100;37;49;38;64;58;45;52;29;82;38;40;42;66;37;102;38;65;54;65;49;33;64;32;34;47;70;85;45;64;85;70;45;70;43;42;88;45;69;30;44;24;44;37;40;17;26;11;42;28;48;95;28;21;51;0;15;85;17;48;30;33;16;71;33;57;22;50;19;23;21;33;31;42;17;23;58;21;20;24;30;15;18;51;78;70;18;55
Iris-virginica;85;99;83;80;86;84;83;83;79;81;86;82;100;103;100;91;88;84;84;86;81;84;99;77;79;97;80;84;84;80;79;81;91;92;81;84;86;81;100;83;85;79;83;79;81;98;86;82;86;83;37;38;33;78;33;36;36;60;36;40;80;58;91;34;46;39;55;51;36;43;32;77;29;35;39;57;32;93;35;56;45;56;42;26;55;39;35;38;61;76;36;55;76;61;38;61;40;39;79;40;72;23;35;21;35;28;31;14;17;20;45;21;39;86;21;22;42;15;0;76;18;43;25;26;21;74;28;48;17;41;14;38;16;28;22;31;22;24;49;22;19;23;23;16;21;40;69;61;23;46
Iris-virginica;35;41;31;32;36;40;33;35;29;33;38;36;42;39;38;43;36;34;40;38;37;36;31;33;39;43;34;36;34;34;33;33;43;42;33;30;34;33;40;35;33;21;31;33;41;40;40;32;38;33;53;50;53;4;47;48;54;44;50;40;64;56;15;50;40;49;59;55;40;41;56;9;47;51;47;59;50;21;47;48;39;48;42;52;59;53;51;42;57;6;46;61;8;43;44;59;46;47;9;44;22;55;79;61;79;86;45;68;59;80;69;57;75;16;61;66;72;85;76;0;70;63;81;52;69;14;52;66;63;73;66;88;64;52;56;83;72;62;65;64;69;63;55;72;73;74;7;79;69;68
Iris-virginica;67;93;65;64;68;66;65;65;67;65;68;64;94;97;94;73;70;66;66;68;63;66;81;59;61;91;62;66;66;62;63;63;73;74;65;66;68;65;94;65;67;73;65;61;63;92;68;64;68;65;19;20;17;72;23;26;18;54;24;32;74;52;85;22;34;23;49;43;30;37;14;67;23;25;27;51;22;87;23;50;39;50;34;18;49;21;19;32;55;70;30;49;70;55;30;55;28;27;73;30;54;15;33;9;31;40;25;14;13;10;27;13;33;80;11;4;36;17;18;70;0;33;35;18;3;56;18;42;7;37;12;34;6;18;16;33;4;8;43;6;3;7;15;2;3;34;63;55;5;40
Iris-virginica;42;60;40;37;43;45;42;40;36;38;43;39;61;64;61;52;49;43;43;45;38;45;56;40;36;58;41;41;41;37;36;42;48;49;38;41;43;38;61;40;44;42;40;44;42;61;43;39;43;40;18;21;16;61;16;15;21;21;15;23;41;45;52;15;25;20;42;10;23;22;21;56;16;12;18;42;13;84;18;17;24;17;21;17;42;24;18;21;44;59;17;40;57;22;19;42;19;18;58;19;71;20;54;24;54;61;22;31;28;43;6;22;50;47;24;29;47;48;43;63;33;0;18;17;32;63;17;41;26;48;29;25;27;15;21;58;35;25;42;27;32;26;20;35;36;49;64;28;32;43
Iris-virginica;60;78;58;55;61;63;60;58;54;56;61;57;79;82;79;70;67;61;61;63;56;63;74;58;54;76;59;59;59;55;54;60;66;67;56;59;61;56;79;58;62;60;58;62;60;79;61;57;61;58;36;39;34;79;34;33;39;39;33;41;59;63;70;33;43;38;60;28;41;40;39;74;34;30;36;60;31;102;36;35;42;35;39;31;60;42;36;39;62;77;35;58;75;40;37;60;37;36;76;37;89;34;52;28;54;45;40;21;28;37;20;32;56;65;38;39;53;30;25;81;35;18;0;35;34;81;35;59;30;48;23;13;31;29;25;52;39;31;60;35;36;40;34;33;38;61;82;40;40;57
Iris-virginica;59;75;57;54;60;58;57;57;53;55;60;56;76;79;76;65;62;58;58;60;55;58;73;51;53;73;54;58;58;54;53;55;65;66;55;58;60;55;76;57;59;55;57;53;55;74;60;56;60;57;11;12;7;54;7;10;10;36;10;14;56;34;67;8;20;13;31;25;12;19;6;51;5;9;13;33;6;69;9;32;21;32;16;4;31;13;9;14;37;52;12;31;52;37;12;37;14;13;55;14;56;3;37;9;37;44;7;16;11;28;23;5;33;62;9;14;30;33;26;52;18;17;35;0;17;48;2;24;11;35;14;42;12;6;12;41;20;10;25;12;17;11;3;20;21;32;47;43;17;26
Iris-virginica;64;92;64;63;65;63;62;62;66;64;65;61;93;96;93;70;67;63;63;65;60;63;78;56;58;90;59;63;63;61;62;60;70;71;64;65;65;64;93;62;64;72;64;58;60;91;65;63;65;62;18;19;16;71;22;25;15;53;23;31;73;51;84;21;33;22;48;42;29;36;13;66;22;24;26;50;21;86;22;49;38;49;33;17;48;18;18;31;54;69;29;48;69;54;29;54;27;26;72;29;55;14;32;8;32;39;24;13;12;11;26;12;32;79;14;7;35;16;21;69;3;32;34;17;0;55;17;41;6;36;11;31;7;17;15;36;5;7;42;5;6;10;14;5;4;37;62;54;6;39
Iris-virginica;27;53;23;26;28;32;25;27;27;27;30;28;54;51;50;35;28;26;32;30;29;28;25;25;31;55;26;28;26;26;27;25;35;34;27;22;26;27;52;27;25;31;23;25;33;52;32;24;30;25;45;42;47;16;47;48;44;52;48;42;76;68;29;48;38;43;71;57;52;47;42;11;53;51;45;71;50;31;45;52;47;56;44;52;71;43;45;52;69;14;50;73;14;53;46;71;44;45;17;44;8;51;85;53;85;92;47;60;59;66;61;53;81;24;55;52;78;71;74;14;56;63;81;48;55;0;46;72;57;83;60;80;58;52;60;89;58;50;71;52;57;51;51;58;59;80;9;91;55;74
Iris-virginica;57;75;55;52;58;56;55;55;51;53;58;54;76;79;76;63;60;56;56;58;53;56;71;49;51;73;52;56;56;52;51;53;63;64;53;56;58;53;76;55;57;55;55;51;53;74;58;54;58;55;9;10;7;54;5;8;8;36;8;14;56;34;67;6;18;11;31;25;12;19;4;49;7;7;11;33;4;69;7;32;21;32;16;6;31;11;7;14;37;52;12;31;52;37;12;37;12;11;55;12;54;5;39;9;39;46;7;16;13;28;23;7;35;62;9;14;32;33;28;52;18;17;35;2;17;46;0;26;11;37;14;42;12;6;14;43;20;10;25;12;17;11;5;20;21;34;47;45;17;28
Iris-virginica;83;51;81;78;84;82;81;81;77;79;84;80;52;55;54;89;86;82;82;84;79;82;97;75;77;49;78;82;82;78;77;79;89;90;79;82;84;79;52;81;83;71;81;77;79;50;84;80;84;81;35;36;31;70;31;34;34;54;34;38;32;10;81;32;44;37;7;49;26;39;30;75;25;33;37;9;30;45;33;54;39;50;40;28;7;37;33;30;13;72;34;7;74;53;36;13;38;37;75;38;80;27;13;33;13;20;27;40;31;52;47;29;9;82;33;38;6;57;48;66;42;41;59;24;41;72;26;0;35;11;38;66;36;30;34;17;44;34;1;36;41;35;27;44;45;8;67;19;41;2
Iris-virginica;68;86;66;63;69;67;66;66;62;64;69;65;87;90;87;74;71;67;67;69;64;67;82;60;62;84;63;67;67;63;62;64;74;75;64;67;69;64;87;66;68;66;66;62;64;85;69;65;69;66;20;21;16;65;16;19;19;47;19;25;67;45;78;17;29;22;42;36;23;30;15;60;16;18;22;44;15;80;18;43;32;43;27;11;42;22;18;25;48;63;23;42;63;48;23;48;23;22;66;23;59;8;28;4;28;35;18;11;8;17;28;6;26;73;8;9;29;22;17;63;7;26;30;11;6;57;11;35;0;32;7;37;1;11;9;32;9;7;36;5;6;10;8;9;10;31;56;48;10;33
Iris-virginica;90;58;88;85;91;89;88;88;84;86;91;87;59;62;61;96;93;89;89;91;86;89;104;82;84;56;85;89;89;85;84;86;96;97;86;89;91;86;59;88;90;78;88;84;86;57;91;87;91;88;42;43;38;77;38;41;41;61;41;45;39;17;88;39;51;44;14;56;33;46;41;82;32;40;44;16;37;54;40;61;46;57;47;31;14;44;40;37;20;79;41;14;81;60;43;20;45;44;82;45;91;34;6;30;6;13;36;33;24;45;50;32;8;89;40;41;5;50;41;73;37;48;48;35;36;83;37;11;32;0;31;55;33;33;27;10;41;33;12;37;38;42;34;37;40;13;78;20;42;9
Iris-virginica;71;89;69;66;72;70;69;69;65;67;72;68;90;93;90;77;74;70;70;72;67;70;85;63;65;87;66;70;70;66;65;67;77;78;67;70;72;67;90;69;71;69;69;65;67;88;72;68;72;69;23;24;19;68;19;22;22;50;22;28;70;48;81;20;32;25;45;39;26;33;18;63;19;21;25;47;18;83;21;46;35;46;30;14;45;25;21;28;51;66;26;45;66;51;26;51;26;25;69;26;66;11;29;7;31;32;21;4;7;14;31;9;33;76;15;16;32;19;14;66;12;29;23;14;11;60;14;38;7;31;0;30;8;14;12;29;16;10;39;12;13;17;11;10;15;38;59;51;17;36
Iris-virginica;53;85;57;56;52;50;55;53;59;57;50;52;86;89;86;57;54;54;48;50;51;52;65;55;49;83;54;52;54;54;55;55;53;54;57;58;54;57;86;53;55;67;57;55;47;86;48;56;50;55;35;38;35;86;41;40;36;46;38;48;66;70;77;38;48;39;67;35;48;47;38;81;41;37;41;67;38;109;41;42;49;42;46;38;67;37;37;46;69;84;42;65;82;47;44;67;42;41;83;44;86;41;59;33;61;56;47;26;35;28;19;39;63;72;45;38;60;23;38;88;34;25;13;42;31;80;42;66;37;55;30;0;38;36;32;59;34;32;67;36;37;41;41;32;35;68;89;47;35;64
Iris-virginica;69;87;67;64;70;68;67;67;63;65;70;66;88;91;88;75;72;68;68;70;65;68;83;61;63;85;64;68;68;64;63;65;75;76;65;68;70;65;88;67;69;67;67;63;65;86;70;66;70;67;21;22;17;66;17;20;20;48;20;26;68;46;79;18;30;23;43;37;24;31;16;61;17;19;23;45;16;81;19;44;33;44;28;12;43;23;19;26;49;64;24;43;64;49;24;49;24;23;67;24;58;9;29;5;27;36;19;12;9;16;29;7;27;74;7;8;30;21;16;64;6;27;31;12;7;58;12;36;1;33;8;38;0;12;10;31;8;8;37;6;5;9;9;8;9;30;57;49;9;34
Iris-virginica;57;75;55;52;58;56;55;55;51;53;58;54;76;79;76;63;60;56;56;58;53;56;71;49;51;73;52;56;56;52;51;53;63;64;53;56;58;53;76;55;57;55;55;51;53;74;58;54;58;55;9;10;5;54;5;8;10;36;8;14;56;34;67;6;18;11;31;25;12;19;10;49;5;7;11;33;4;73;7;32;21;32;16;2;31;13;7;14;37;52;12;31;52;37;12;37;12;11;55;12;60;5;39;9;39;46;11;16;13;28;17;7;35;62;9;14;32;33;28;52;18;15;29;6;17;52;6;30;11;33;14;36;12;0;8;43;20;10;31;12;17;11;5;20;21;34;53;39;17;28
Iris-virginica;63;77;61;58;64;62;61;61;57;59;64;60;78;81;78;69;66;62;62;64;59;62;77;55;57;75;58;62;62;58;57;59;69;70;59;62;64;59;78;61;63;57;61;57;59;76;64;60;64;61;15;18;13;56;13;14;18;38;14;18;58;38;69;12;24;17;35;29;16;21;18;55;9;13;17;35;10;77;15;34;23;34;20;8;35;21;15;16;39;54;14;33;54;39;16;39;18;17;57;18;68;11;33;7;33;40;15;14;7;26;23;9;31;64;17;18;28;31;22;56;16;21;25;12;15;60;14;34;9;27;12;32;10;8;0;37;18;10;35;14;15;19;11;18;19;36;57;39;19;32
Iris-virginica;100;68;98;95;101;99;98;98;94;96;101;97;69;72;71;106;103;99;99;101;96;99;114;92;94;66;95;99;99;95;94;96;106;107;96;99;101;96;69;98;100;88;98;94;96;67;101;97;101;98;52;53;48;87;48;51;51;71;51;55;49;27;98;49;61;54;24;66;43;56;47;92;42;50;54;26;47;62;50;71;56;67;57;41;24;54;50;47;30;89;51;24;91;70;53;30;55;54;92;55;87;38;4;36;4;7;44;33;30;35;60;36;8;99;36;37;11;42;31;83;33;58;52;41;36;89;43;17;32;10;29;59;31;43;37;0;37;39;18;37;34;38;38;31;36;9;82;30;38;15
Iris-virginica;65;95;67;66;66;64;63;63;69;67;66;62;96;99;96;71;68;64;64;66;61;64;79;59;59;93;60;64;64;64;65;61;71;72;67;68;66;67;96;63;65;75;67;59;61;94;66;66;66;65;21;22;19;74;25;28;18;56;26;34;76;54;87;24;36;25;51;45;32;39;16;69;25;27;29;53;24;89;25;52;41;52;36;20;51;19;21;34;57;72;32;51;72;57;32;57;30;29;75;32;52;17;37;11;35;44;27;18;17;8;29;15;35;82;11;6;38;17;22;72;4;35;39;20;5;58;20;44;9;41;16;34;8;20;18;37;0;10;45;8;3;9;17;6;3;36;65;57;3;42
Iris-virginica;61;85;59;56;62;60;59;59;59;57;62;58;86;89;86;67;64;60;60;62;57;60;75;53;55;83;56;60;60;56;55;57;67;68;57;60;62;57;86;59;61;65;59;55;57;84;62;58;62;59;13;14;9;64;15;18;12;46;16;24;66;44;77;14;26;15;41;35;22;29;8;59;15;17;19;43;14;79;15;42;31;42;26;10;41;15;11;24;47;62;22;41;62;47;22;47;20;19;65;22;58;9;35;3;35;42;17;10;9;18;21;7;31;72;13;8;28;23;24;62;8;25;31;10;7;50;10;34;7;33;10;32;8;10;10;39;10;0;35;4;7;9;9;10;11;36;57;47;9;32
Iris-virginica;82;50;80;77;83;81;80;80;76;78;83;79;51;54;53;88;85;81;81;83;78;81;96;74;76;48;77;81;81;77;76;78;88;89;78;81;83;78;51;80;82;70;80;76;78;49;83;79;83;80;34;35;32;69;30;33;33;53;33;37;31;9;80;31;43;36;6;48;25;38;29;74;26;32;36;8;29;44;32;53;38;49;39;29;6;36;32;29;12;71;33;6;73;52;35;12;37;36;74;37;79;28;14;34;14;21;26;41;32;53;48;30;10;81;34;39;7;58;49;65;43;42;60;25;42;71;25;1;36;12;39;67;37;31;35;18;45;35;0;37;42;36;28;45;46;9;66;20;42;3
Iris-virginica;63;87;61;58;64;62;61;61;61;59;64;60;88;91;88;69;66;62;62;64;59;62;77;55;57;85;58;62;62;58;57;59;69;70;59;62;64;59;88;61;63;67;61;57;59;86;64;60;64;61;15;16;11;66;17;20;14;48;18;26;68;46;79;16;28;17;43;37;24;31;10;61;17;19;21;45;16;81;17;44;33;44;28;12;43;17;13;26;49;64;24;43;64;49;24;49;22;21;67;24;54;9;33;7;33;40;19;14;13;16;23;7;29;74;9;4;32;21;22;64;6;27;35;12;5;52;12;36;5;37;12;36;6;12;14;37;8;4;37;0;5;5;9;8;9;32;57;49;5;34
Iris-virginica;68;92;66;63;69;67;66;66;66;64;69;65;93;96;93;74;71;67;67;69;64;67;82;60;62;90;63;67;67;63;62;64;74;75;64;67;69;64;93;66;68;72;66;62;64;91;69;65;69;66;20;21;16;71;22;25;19;53;23;31;73;51;84;21;33;22;48;42;29;36;15;66;22;24;26;50;21;86;22;49;38;49;33;17;48;22;18;31;54;69;29;48;69;54;29;54;27;26;72;29;53;14;34;8;32;41;24;15;14;11;28;12;32;79;8;5;35;20;19;69;3;32;36;17;6;57;17;41;6;38;13;37;5;17;15;34;3;7;42;5;0;6;14;5;4;33;62;54;6;39
Iris-virginica;62;86;60;57;63;61;60;60;60;58;63;59;87;90;87;68;65;61;61;63;58;61;76;54;56;84;57;61;61;57;56;58;68;69;58;61;63;58;87;60;62;66;60;56;58;85;63;59;63;60;14;15;10;65;16;19;13;47;17;25;67;45;78;15;27;16;42;36;23;30;9;60;16;18;20;44;15;80;16;43;32;43;27;11;42;16;12;25;48;63;23;42;63;48;23;48;21;20;66;23;49;8;38;12;36;45;18;19;18;17;22;10;34;73;4;3;37;24;23;63;7;26;40;11;10;51;11;35;10;42;17;41;9;11;19;38;9;9;36;5;6;0;8;9;10;29;56;50;6;33
Iris-virginica;62;78;60;57;63;61;60;60;56;58;63;59;79;82;79;68;65;61;61;63;58;61;76;54;56;76;57;61;61;57;56;58;68;69;58;61;63;58;79;60;62;58;60;56;58;77;63;59;63;60;14;15;10;57;10;13;13;39;13;17;59;37;70;11;23;16;34;28;15;22;9;54;8;12;16;36;9;72;12;35;24;35;19;3;34;16;12;17;40;55;15;34;55;40;15;40;17;16;58;17;57;0;34;8;34;41;10;15;10;25;22;2;30;65;6;11;29;30;23;55;15;20;34;3;14;51;5;27;8;34;11;41;9;5;11;38;17;9;28;9;14;8;0;17;18;29;48;42;14;25
Iris-virginica;69;95;67;66;70;68;67;67;69;67;70;66;96;99;96;75;72;68;68;70;65;68;83;61;63;93;64;68;68;64;65;65;75;76;67;68;70;67;96;67;69;75;67;63;65;94;70;66;70;67;21;22;19;74;25;28;20;56;26;34;76;54;87;24;36;25;51;45;32;39;16;69;25;27;29;53;24;89;25;52;41;52;36;20;51;23;21;34;57;72;32;51;72;57;32;57;30;29;75;32;56;17;31;11;31;38;27;12;13;8;29;15;35;82;13;6;38;15;16;72;2;35;33;20;5;58;20;44;9;37;10;32;8;20;18;31;6;10;45;8;5;9;17;0;5;36;65;57;7;42
Iris-virginica;68;96;68;67;69;67;66;66;70;68;69;65;97;100;97;74;71;67;67;69;64;67;82;60;62;94;63;67;67;65;66;64;74;75;68;69;69;68;97;66;68;76;68;62;64;95;69;67;69;66;22;23;20;75;26;29;19;57;27;35;77;55;88;25;37;26;52;46;33;40;17;70;26;28;30;54;25;90;26;53;42;53;37;21;52;22;22;35;58;73;33;52;73;58;33;58;31;30;76;33;51;18;36;12;34;43;28;17;16;7;30;16;36;83;12;7;39;18;21;73;3;36;38;21;4;59;21;45;10;40;15;35;9;21;19;36;3;11;46;9;4;10;18;5;0;37;66;58;6;43
Iris-virginica;91;59;89;86;92;90;89;89;85;87;92;88;60;63;62;97;94;90;90;92;87;90;105;83;85;57;86;90;90;86;85;87;97;98;87;90;92;87;60;89;91;79;89;85;87;58;92;88;92;89;43;44;39;78;39;42;42;62;42;46;40;18;89;40;52;45;15;57;34;47;38;83;33;41;45;17;38;53;41;62;47;58;48;32;15;45;41;38;21;80;42;15;82;61;44;21;46;45;83;46;78;29;9;35;7;16;35;42;33;44;51;29;5;90;27;30;8;51;40;74;34;49;61;32;37;80;34;8;31;13;38;68;30;34;36;9;36;36;9;32;33;29;29;36;37;0;73;21;33;6
Iris-virginica;36;48;32;33;37;41;34;36;30;34;39;37;49;46;45;44;37;35;41;39;38;37;32;34;40;50;35;37;35;35;34;34;44;43;34;31;35;34;47;36;34;26;32;34;42;47;41;33;39;34;54;51;54;9;48;49;53;47;51;41;71;63;22;51;41;50;66;56;47;42;51;10;48;52;48;66;51;24;48;49;42;51;43;51;66;52;52;47;64;7;47;68;9;48;45;66;47;48;10;45;15;48;78;56;78;85;42;63;54;73;70;50;74;17;54;59;73;78;69;7;63;64;82;47;62;9;47;67;56;78;59;89;57;53;57;82;65;57;66;57;62;56;48;65;66;73;0;86;62;69
Iris-virginica;70;38;68;65;71;73;70;68;64;66;71;67;39;42;41;80;77;71;71;73;66;73;84;68;64;36;69;69;69;65;64;70;76;77;66;69;71;66;39;68;72;60;68;72;70;39;71;67;71;68;46;49;44;79;44;43;49;41;43;49;19;23;68;43;53;48;20;36;39;44;49;84;38;40;46;20;41;62;46;41;44;37;47;39;20;52;46;39;22;81;41;18;81;40;45;20;47;46;80;47;99;42;26;46;26;33;44;53;44;65;30;42;22;69;48;51;19;70;61;79;55;28;40;43;54;91;45;19;48;20;51;47;49;39;39;30;57;47;20;49;54;50;42;57;58;21;86;0;54;17
Iris-virginica;62;92;64;63;63;61;60;60;66;64;63;59;93;96;93;68;65;61;61;63;58;61;76;56;56;90;57;61;61;61;62;58;68;69;64;65;63;64;93;60;62;72;64;56;58;91;63;63;63;62;18;19;16;71;22;25;15;53;23;31;73;51;84;21;33;22;48;42;29;36;13;66;22;24;26;50;21;86;22;49;38;49;33;17;48;16;18;31;54;69;29;48;69;54;29;54;27;26;72;29;51;14;38;12;36;45;24;19;18;11;26;12;34;79;10;3;37;18;23;69;5;32;40;17;6;55;17;41;10;42;17;35;9;17;19;38;3;9;42;5;6;6;14;7;6;33;62;54;0;39
Iris-virginica;85;53;83;80;86;84;83;83;79;81;86;82;54;57;56;91;88;84;84;86;81;84;99;77;79;51;80;84;84;80;79;81;91;92;81;84;86;81;54;83;85;73;83;79;81;52;86;82;86;83;37;38;33;72;33;36;36;56;36;40;34;12;83;34;46;39;9;51;28;41;32;77;27;35;39;11;32;47;35;56;41;52;42;26;9;39;35;32;15;74;36;9;76;55;38;15;40;39;77;40;82;25;11;31;11;18;29;38;29;50;45;27;7;84;31;36;4;55;46;68;40;43;57;26;39;74;28;2;33;9;36;64;34;28;32;15;42;32;3;34;39;33;25;42;43;6;69;17;39;0
